sequence_name,sequence_path,pulse_index,tag,mapped_label,is_unknown,is_noise
exp6_mixed_train_050,D:\keyan\ai_research_workflow_base\13_paper_aligned_repro\datasets\pr_rpad_paper_aligned_v6\exp6\mixed\train\sequences\exp6_mixed_train_050.csv,98,5,3,0,0
exp6_mixed_train_079,D:\keyan\ai_research_workflow_base\13_paper_aligned_repro\datasets\pr_rpad_paper_aligned_v6\exp6\mixed\train\sequences\exp6_mixed_train_079.csv,325,7,4,0,0
exp6_mixed_train_009,D:\keyan\ai_research_workflow_base\13_paper_aligned_repro\datasets\pr_rpad_paper_aligned_v6\exp6\mixed\train\sequences\exp6_mixed_train_009.csv,397,0,0,0,1
exp6_mixed_train_047,D:\keyan\ai_research_workflow_base\13_paper_aligned_repro\datasets\pr_rpad_paper_aligned_v6\exp6\mixed\train\sequences\exp6_mixed_train_047.csv,274,1,1,0,0
exp6_mixed_train_146,D:\keyan\ai_research_workflow_base\13_paper_aligned_repro\datasets\pr_rpad_paper_aligned_v6\exp6\mixed\train\sequences\exp6_mixed_train_146.csv,324,7,4,0,0
exp6_mixed_train_002,D:\keyan\ai_research_workflow_base\13_paper_aligned_repro\datasets\pr_rpad_paper_aligned_v6\exp6\mixed\train\sequences\exp6_mixed_train_002.csv,245,4,2,0,0
exp6_mixed_train_129,D:\keyan\ai_research_workflow_base\13_paper_aligned_repro\datasets\pr_rpad_paper_aligned_v6\exp6\mixed\train\sequences\exp6_mixed_train_129.csv,317,7,4,0,0
exp6_mixed_train_130,D:\keyan\ai_research_workflow_base\13_paper_aligned_repro\datasets\pr_rpad_paper_aligned_v6\exp6\mixed\train\sequences\exp6_mixed_train_130.csv,230,4,2,0,0
exp6_mixed_train_029,D:\keyan\ai_research_workflow_base\13_paper_aligned_repro\datasets\pr_rpad_paper_aligned_v6\exp6\mixed\train\sequences\exp6_mixed_train_029.csv,340,7,4,0,0
exp6_mixed_train_102,D:\keyan\ai_research_workflow_base\13_paper_aligned_repro\datasets\pr_rpad_paper_aligned_v6\exp6\mixed\train\sequences\exp6_mixed_train_102.csv,77,4,2,0,0
exp6_mixed_train_025,D:\keyan\ai_research_workflow_base\13_paper_aligned_repro\datasets\pr_rpad_paper_aligned_v6\exp6\mixed\train\sequences\exp6_mixed_train_025.csv,357,0,0,0,1
exp6_mixed_train_034,D:\keyan\ai_research_workflow_base\13_paper_aligned_repro\datasets\pr_rpad_paper_aligned_v6\exp6\mixed\train\sequences\exp6_mixed_train_034.csv,162,5,3,0,0
exp6_mixed_train_015,D:\keyan\ai_research_workflow_base\13_paper_aligned_repro\datasets\pr_rpad_paper_aligned_v6\exp6\mixed\train\sequences\exp6_mixed_train_015.csv,186,4,2,0,0
exp6_mixed_train_105,D:\keyan\ai_research_workflow_base\13_paper_aligned_repro\datasets\pr_rpad_paper_aligned_v6\exp6\mixed\train\sequences\exp6_mixed_train_105.csv,166,4,2,0,0
exp6_mixed_train_120,D:\keyan\ai_research_workflow_base\13_paper_aligned_repro\datasets\pr_rpad_paper_aligned_v6\exp6\mixed\train\sequences\exp6_mixed_train_120.csv,20,4,2,0,0
exp6_mixed_train_113,D:\keyan\ai_research_workflow_base\13_paper_aligned_repro\datasets\pr_rpad_paper_aligned_v6\exp6\mixed\train\sequences\exp6_mixed_train_113.csv,158,5,3,0,0
exp6_mixed_train_067,D:\keyan\ai_research_workflow_base\13_paper_aligned_repro\datasets\pr_rpad_paper_aligned_v6\exp6\mixed\train\sequences\exp6_mixed_train_067.csv,293,0,0,0,1
exp6_mixed_train_144,D:\keyan\ai_research_workflow_base\13_paper_aligned_repro\datasets\pr_rpad_paper_aligned_v6\exp6\mixed\train\sequences\exp6_mixed_train_144.csv,85,1,1,0,0
exp6_mixed_train_086,D:\keyan\ai_research_workflow_base\13_paper_aligned_repro\datasets\pr_rpad_paper_aligned_v6\exp6\mixed\train\sequences\exp6_mixed_train_086.csv,391,0,0,0,1
exp6_mixed_train_098,D:\keyan\ai_research_workflow_base\13_paper_aligned_repro\datasets\pr_rpad_paper_aligned_v6\exp6\mixed\train\sequences\exp6_mixed_train_098.csv,375,7,4,0,0
exp6_mixed_train_071,D:\keyan\ai_research_workflow_base\13_paper_aligned_repro\datasets\pr_rpad_paper_aligned_v6\exp6\mixed\train\sequences\exp6_mixed_train_071.csv,185,5,3,0,0
exp6_mixed_train_043,D:\keyan\ai_research_workflow_base\13_paper_aligned_repro\datasets\pr_rpad_paper_aligned_v6\exp6\mixed\train\sequences\exp6_mixed_train_043.csv,352,0,0,0,1
exp6_mixed_train_156,D:\keyan\ai_research_workflow_base\13_paper_aligned_repro\datasets\pr_rpad_paper_aligned_v6\exp6\mixed\train\sequences\exp6_mixed_train_156.csv,17,1,1,0,0
exp6_mixed_train_124,D:\keyan\ai_research_workflow_base\13_paper_aligned_repro\datasets\pr_rpad_paper_aligned_v6\exp6\mixed\train\sequences\exp6_mixed_train_124.csv,100,5,3,0,0
exp6_mixed_train_051,D:\keyan\ai_research_workflow_base\13_paper_aligned_repro\datasets\pr_rpad_paper_aligned_v6\exp6\mixed\train\sequences\exp6_mixed_train_051.csv,341,7,4,0,0
exp6_mixed_train_159,D:\keyan\ai_research_workflow_base\13_paper_aligned_repro\datasets\pr_rpad_paper_aligned_v6\exp6\mixed\train\sequences\exp6_mixed_train_159.csv,393,7,4,0,0
exp6_mixed_train_078,D:\keyan\ai_research_workflow_base\13_paper_aligned_repro\datasets\pr_rpad_paper_aligned_v6\exp6\mixed\train\sequences\exp6_mixed_train_078.csv,54,5,3,0,0
exp6_mixed_train_028,D:\keyan\ai_research_workflow_base\13_paper_aligned_repro\datasets\pr_rpad_paper_aligned_v6\exp6\mixed\train\sequences\exp6_mixed_train_028.csv,216,4,2,0,0
exp6_mixed_train_022,D:\keyan\ai_research_workflow_base\13_paper_aligned_repro\datasets\pr_rpad_paper_aligned_v6\exp6\mixed\train\sequences\exp6_mixed_train_022.csv,260,4,2,0,0
exp6_mixed_train_129,D:\keyan\ai_research_workflow_base\13_paper_aligned_repro\datasets\pr_rpad_paper_aligned_v6\exp6\mixed\train\sequences\exp6_mixed_train_129.csv,328,7,4,0,0
exp6_mixed_train_077,D:\keyan\ai_research_workflow_base\13_paper_aligned_repro\datasets\pr_rpad_paper_aligned_v6\exp6\mixed\train\sequences\exp6_mixed_train_077.csv,106,5,3,0,0
exp6_mixed_train_107,D:\keyan\ai_research_workflow_base\13_paper_aligned_repro\datasets\pr_rpad_paper_aligned_v6\exp6\mixed\train\sequences\exp6_mixed_train_107.csv,21,5,3,0,0
exp6_mixed_train_042,D:\keyan\ai_research_workflow_base\13_paper_aligned_repro\datasets\pr_rpad_paper_aligned_v6\exp6\mixed\train\sequences\exp6_mixed_train_042.csv,331,0,0,0,1
exp6_mixed_train_029,D:\keyan\ai_research_workflow_base\13_paper_aligned_repro\datasets\pr_rpad_paper_aligned_v6\exp6\mixed\train\sequences\exp6_mixed_train_029.csv,359,0,0,0,1
exp6_mixed_train_073,D:\keyan\ai_research_workflow_base\13_paper_aligned_repro\datasets\pr_rpad_paper_aligned_v6\exp6\mixed\train\sequences\exp6_mixed_train_073.csv,19,1,1,0,0
exp6_mixed_train_131,D:\keyan\ai_research_workflow_base\13_paper_aligned_repro\datasets\pr_rpad_paper_aligned_v6\exp6\mixed\train\sequences\exp6_mixed_train_131.csv,16,4,2,0,0
exp6_mixed_train_114,D:\keyan\ai_research_workflow_base\13_paper_aligned_repro\datasets\pr_rpad_paper_aligned_v6\exp6\mixed\train\sequences\exp6_mixed_train_114.csv,164,1,1,0,0
exp6_mixed_train_055,D:\keyan\ai_research_workflow_base\13_paper_aligned_repro\datasets\pr_rpad_paper_aligned_v6\exp6\mixed\train\sequences\exp6_mixed_train_055.csv,25,5,3,0,0
exp6_mixed_train_021,D:\keyan\ai_research_workflow_base\13_paper_aligned_repro\datasets\pr_rpad_paper_aligned_v6\exp6\mixed\train\sequences\exp6_mixed_train_021.csv,46,5,3,0,0
exp6_mixed_train_064,D:\keyan\ai_research_workflow_base\13_paper_aligned_repro\datasets\pr_rpad_paper_aligned_v6\exp6\mixed\train\sequences\exp6_mixed_train_064.csv,4,5,3,0,0
exp6_mixed_train_093,D:\keyan\ai_research_workflow_base\13_paper_aligned_repro\datasets\pr_rpad_paper_aligned_v6\exp6\mixed\train\sequences\exp6_mixed_train_093.csv,150,5,3,0,0
exp6_mixed_train_056,D:\keyan\ai_research_workflow_base\13_paper_aligned_repro\datasets\pr_rpad_paper_aligned_v6\exp6\mixed\train\sequences\exp6_mixed_train_056.csv,315,0,0,0,1
exp6_mixed_train_133,D:\keyan\ai_research_workflow_base\13_paper_aligned_repro\datasets\pr_rpad_paper_aligned_v6\exp6\mixed\train\sequences\exp6_mixed_train_133.csv,174,4,2,0,0
exp6_mixed_train_097,D:\keyan\ai_research_workflow_base\13_paper_aligned_repro\datasets\pr_rpad_paper_aligned_v6\exp6\mixed\train\sequences\exp6_mixed_train_097.csv,124,4,2,0,0
exp6_mixed_train_050,D:\keyan\ai_research_workflow_base\13_paper_aligned_repro\datasets\pr_rpad_paper_aligned_v6\exp6\mixed\train\sequences\exp6_mixed_train_050.csv,113,5,3,0,0
exp6_mixed_train_031,D:\keyan\ai_research_workflow_base\13_paper_aligned_repro\datasets\pr_rpad_paper_aligned_v6\exp6\mixed\train\sequences\exp6_mixed_train_031.csv,115,4,2,0,0
exp6_mixed_train_000,D:\keyan\ai_research_workflow_base\13_paper_aligned_repro\datasets\pr_rpad_paper_aligned_v6\exp6\mixed\train\sequences\exp6_mixed_train_000.csv,167,5,3,0,0
exp6_mixed_train_106,D:\keyan\ai_research_workflow_base\13_paper_aligned_repro\datasets\pr_rpad_paper_aligned_v6\exp6\mixed\train\sequences\exp6_mixed_train_106.csv,265,0,0,0,1
exp6_mixed_train_048,D:\keyan\ai_research_workflow_base\13_paper_aligned_repro\datasets\pr_rpad_paper_aligned_v6\exp6\mixed\train\sequences\exp6_mixed_train_048.csv,8,5,3,0,0
exp6_mixed_train_007,D:\keyan\ai_research_workflow_base\13_paper_aligned_repro\datasets\pr_rpad_paper_aligned_v6\exp6\mixed\train\sequences\exp6_mixed_train_007.csv,143,4,2,0,0
exp6_mixed_train_010,D:\keyan\ai_research_workflow_base\13_paper_aligned_repro\datasets\pr_rpad_paper_aligned_v6\exp6\mixed\train\sequences\exp6_mixed_train_010.csv,290,7,4,0,0
exp6_mixed_train_119,D:\keyan\ai_research_workflow_base\13_paper_aligned_repro\datasets\pr_rpad_paper_aligned_v6\exp6\mixed\train\sequences\exp6_mixed_train_119.csv,382,7,4,0,0
exp6_mixed_train_118,D:\keyan\ai_research_workflow_base\13_paper_aligned_repro\datasets\pr_rpad_paper_aligned_v6\exp6\mixed\train\sequences\exp6_mixed_train_118.csv,310,0,0,0,1
exp6_mixed_train_022,D:\keyan\ai_research_workflow_base\13_paper_aligned_repro\datasets\pr_rpad_paper_aligned_v6\exp6\mixed\train\sequences\exp6_mixed_train_022.csv,302,7,4,0,0
exp6_mixed_train_091,D:\keyan\ai_research_workflow_base\13_paper_aligned_repro\datasets\pr_rpad_paper_aligned_v6\exp6\mixed\train\sequences\exp6_mixed_train_091.csv,378,7,4,0,0
exp6_mixed_train_045,D:\keyan\ai_research_workflow_base\13_paper_aligned_repro\datasets\pr_rpad_paper_aligned_v6\exp6\mixed\train\sequences\exp6_mixed_train_045.csv,256,4,2,0,0
exp6_mixed_train_069,D:\keyan\ai_research_workflow_base\13_paper_aligned_repro\datasets\pr_rpad_paper_aligned_v6\exp6\mixed\train\sequences\exp6_mixed_train_069.csv,42,1,1,0,0
exp6_mixed_train_015,D:\keyan\ai_research_workflow_base\13_paper_aligned_repro\datasets\pr_rpad_paper_aligned_v6\exp6\mixed\train\sequences\exp6_mixed_train_015.csv,303,7,4,0,0
exp6_mixed_train_057,D:\keyan\ai_research_workflow_base\13_paper_aligned_repro\datasets\pr_rpad_paper_aligned_v6\exp6\mixed\train\sequences\exp6_mixed_train_057.csv,135,5,3,0,0
exp6_mixed_train_047,D:\keyan\ai_research_workflow_base\13_paper_aligned_repro\datasets\pr_rpad_paper_aligned_v6\exp6\mixed\train\sequences\exp6_mixed_train_047.csv,168,4,2,0,0
exp6_mixed_train_113,D:\keyan\ai_research_workflow_base\13_paper_aligned_repro\datasets\pr_rpad_paper_aligned_v6\exp6\mixed\train\sequences\exp6_mixed_train_113.csv,284,1,1,0,0
exp6_mixed_train_079,D:\keyan\ai_research_workflow_base\13_paper_aligned_repro\datasets\pr_rpad_paper_aligned_v6\exp6\mixed\train\sequences\exp6_mixed_train_079.csv,384,7,4,0,0
exp6_mixed_train_019,D:\keyan\ai_research_workflow_base\13_paper_aligned_repro\datasets\pr_rpad_paper_aligned_v6\exp6\mixed\train\sequences\exp6_mixed_train_019.csv,3,1,1,0,0
exp6_mixed_train_040,D:\keyan\ai_research_workflow_base\13_paper_aligned_repro\datasets\pr_rpad_paper_aligned_v6\exp6\mixed\train\sequences\exp6_mixed_train_040.csv,236,7,4,0,0
exp6_mixed_train_110,D:\keyan\ai_research_workflow_base\13_paper_aligned_repro\datasets\pr_rpad_paper_aligned_v6\exp6\mixed\train\sequences\exp6_mixed_train_110.csv,384,0,0,0,1
exp6_mixed_train_039,D:\keyan\ai_research_workflow_base\13_paper_aligned_repro\datasets\pr_rpad_paper_aligned_v6\exp6\mixed\train\sequences\exp6_mixed_train_039.csv,44,1,1,0,0
exp6_mixed_train_112,D:\keyan\ai_research_workflow_base\13_paper_aligned_repro\datasets\pr_rpad_paper_aligned_v6\exp6\mixed\train\sequences\exp6_mixed_train_112.csv,389,7,4,0,0
exp6_mixed_train_046,D:\keyan\ai_research_workflow_base\13_paper_aligned_repro\datasets\pr_rpad_paper_aligned_v6\exp6\mixed\train\sequences\exp6_mixed_train_046.csv,292,1,1,0,0
exp6_mixed_train_145,D:\keyan\ai_research_workflow_base\13_paper_aligned_repro\datasets\pr_rpad_paper_aligned_v6\exp6\mixed\train\sequences\exp6_mixed_train_145.csv,338,7,4,0,0
exp6_mixed_train_149,D:\keyan\ai_research_workflow_base\13_paper_aligned_repro\datasets\pr_rpad_paper_aligned_v6\exp6\mixed\train\sequences\exp6_mixed_train_149.csv,61,1,1,0,0
exp6_mixed_train_130,D:\keyan\ai_research_workflow_base\13_paper_aligned_repro\datasets\pr_rpad_paper_aligned_v6\exp6\mixed\train\sequences\exp6_mixed_train_130.csv,29,4,2,0,0
exp6_mixed_train_090,D:\keyan\ai_research_workflow_base\13_paper_aligned_repro\datasets\pr_rpad_paper_aligned_v6\exp6\mixed\train\sequences\exp6_mixed_train_090.csv,78,5,3,0,0
exp6_mixed_train_034,D:\keyan\ai_research_workflow_base\13_paper_aligned_repro\datasets\pr_rpad_paper_aligned_v6\exp6\mixed\train\sequences\exp6_mixed_train_034.csv,174,4,2,0,0
exp6_mixed_train_119,D:\keyan\ai_research_workflow_base\13_paper_aligned_repro\datasets\pr_rpad_paper_aligned_v6\exp6\mixed\train\sequences\exp6_mixed_train_119.csv,268,1,1,0,0
exp6_mixed_train_060,D:\keyan\ai_research_workflow_base\13_paper_aligned_repro\datasets\pr_rpad_paper_aligned_v6\exp6\mixed\train\sequences\exp6_mixed_train_060.csv,213,4,2,0,0
exp6_mixed_train_138,D:\keyan\ai_research_workflow_base\13_paper_aligned_repro\datasets\pr_rpad_paper_aligned_v6\exp6\mixed\train\sequences\exp6_mixed_train_138.csv,242,4,2,0,0
exp6_mixed_train_016,D:\keyan\ai_research_workflow_base\13_paper_aligned_repro\datasets\pr_rpad_paper_aligned_v6\exp6\mixed\train\sequences\exp6_mixed_train_016.csv,146,5,3,0,0
exp6_mixed_train_129,D:\keyan\ai_research_workflow_base\13_paper_aligned_repro\datasets\pr_rpad_paper_aligned_v6\exp6\mixed\train\sequences\exp6_mixed_train_129.csv,42,5,3,0,0
exp6_mixed_train_107,D:\keyan\ai_research_workflow_base\13_paper_aligned_repro\datasets\pr_rpad_paper_aligned_v6\exp6\mixed\train\sequences\exp6_mixed_train_107.csv,309,0,0,0,1
exp6_mixed_train_019,D:\keyan\ai_research_workflow_base\13_paper_aligned_repro\datasets\pr_rpad_paper_aligned_v6\exp6\mixed\train\sequences\exp6_mixed_train_019.csv,12,5,3,0,0
exp6_mixed_train_104,D:\keyan\ai_research_workflow_base\13_paper_aligned_repro\datasets\pr_rpad_paper_aligned_v6\exp6\mixed\train\sequences\exp6_mixed_train_104.csv,56,1,1,0,0
exp6_mixed_train_053,D:\keyan\ai_research_workflow_base\13_paper_aligned_repro\datasets\pr_rpad_paper_aligned_v6\exp6\mixed\train\sequences\exp6_mixed_train_053.csv,33,4,2,0,0
exp6_mixed_train_032,D:\keyan\ai_research_workflow_base\13_paper_aligned_repro\datasets\pr_rpad_paper_aligned_v6\exp6\mixed\train\sequences\exp6_mixed_train_032.csv,268,0,0,0,1
exp6_mixed_train_033,D:\keyan\ai_research_workflow_base\13_paper_aligned_repro\datasets\pr_rpad_paper_aligned_v6\exp6\mixed\train\sequences\exp6_mixed_train_033.csv,181,5,3,0,0
exp6_mixed_train_067,D:\keyan\ai_research_workflow_base\13_paper_aligned_repro\datasets\pr_rpad_paper_aligned_v6\exp6\mixed\train\sequences\exp6_mixed_train_067.csv,353,0,0,0,1
exp6_mixed_train_093,D:\keyan\ai_research_workflow_base\13_paper_aligned_repro\datasets\pr_rpad_paper_aligned_v6\exp6\mixed\train\sequences\exp6_mixed_train_093.csv,309,0,0,0,1
exp6_mixed_train_144,D:\keyan\ai_research_workflow_base\13_paper_aligned_repro\datasets\pr_rpad_paper_aligned_v6\exp6\mixed\train\sequences\exp6_mixed_train_144.csv,97,5,3,0,0
exp6_mixed_train_129,D:\keyan\ai_research_workflow_base\13_paper_aligned_repro\datasets\pr_rpad_paper_aligned_v6\exp6\mixed\train\sequences\exp6_mixed_train_129.csv,166,1,1,0,0
exp6_mixed_train_004,D:\keyan\ai_research_workflow_base\13_paper_aligned_repro\datasets\pr_rpad_paper_aligned_v6\exp6\mixed\train\sequences\exp6_mixed_train_004.csv,230,4,2,0,0
exp6_mixed_train_084,D:\keyan\ai_research_workflow_base\13_paper_aligned_repro\datasets\pr_rpad_paper_aligned_v6\exp6\mixed\train\sequences\exp6_mixed_train_084.csv,385,0,0,0,1
exp6_mixed_train_117,D:\keyan\ai_research_workflow_base\13_paper_aligned_repro\datasets\pr_rpad_paper_aligned_v6\exp6\mixed\train\sequences\exp6_mixed_train_117.csv,247,4,2,0,0
exp6_mixed_train_133,D:\keyan\ai_research_workflow_base\13_paper_aligned_repro\datasets\pr_rpad_paper_aligned_v6\exp6\mixed\train\sequences\exp6_mixed_train_133.csv,319,7,4,0,0
exp6_mixed_train_045,D:\keyan\ai_research_workflow_base\13_paper_aligned_repro\datasets\pr_rpad_paper_aligned_v6\exp6\mixed\train\sequences\exp6_mixed_train_045.csv,16,4,2,0,0
exp6_mixed_train_048,D:\keyan\ai_research_workflow_base\13_paper_aligned_repro\datasets\pr_rpad_paper_aligned_v6\exp6\mixed\train\sequences\exp6_mixed_train_048.csv,390,7,4,0,0
exp6_mixed_train_022,D:\keyan\ai_research_workflow_base\13_paper_aligned_repro\datasets\pr_rpad_paper_aligned_v6\exp6\mixed\train\sequences\exp6_mixed_train_022.csv,355,0,0,0,1
exp6_mixed_train_017,D:\keyan\ai_research_workflow_base\13_paper_aligned_repro\datasets\pr_rpad_paper_aligned_v6\exp6\mixed\train\sequences\exp6_mixed_train_017.csv,374,7,4,0,0
exp6_mixed_train_149,D:\keyan\ai_research_workflow_base\13_paper_aligned_repro\datasets\pr_rpad_paper_aligned_v6\exp6\mixed\train\sequences\exp6_mixed_train_149.csv,364,0,0,0,1
exp6_mixed_train_027,D:\keyan\ai_research_workflow_base\13_paper_aligned_repro\datasets\pr_rpad_paper_aligned_v6\exp6\mixed\train\sequences\exp6_mixed_train_027.csv,54,5,3,0,0
exp6_mixed_train_065,D:\keyan\ai_research_workflow_base\13_paper_aligned_repro\datasets\pr_rpad_paper_aligned_v6\exp6\mixed\train\sequences\exp6_mixed_train_065.csv,63,5,3,0,0
exp6_mixed_train_010,D:\keyan\ai_research_workflow_base\13_paper_aligned_repro\datasets\pr_rpad_paper_aligned_v6\exp6\mixed\train\sequences\exp6_mixed_train_010.csv,243,4,2,0,0
exp6_mixed_train_124,D:\keyan\ai_research_workflow_base\13_paper_aligned_repro\datasets\pr_rpad_paper_aligned_v6\exp6\mixed\train\sequences\exp6_mixed_train_124.csv,179,5,3,0,0
exp6_mixed_train_015,D:\keyan\ai_research_workflow_base\13_paper_aligned_repro\datasets\pr_rpad_paper_aligned_v6\exp6\mixed\train\sequences\exp6_mixed_train_015.csv,218,1,1,0,0
exp6_mixed_train_008,D:\keyan\ai_research_workflow_base\13_paper_aligned_repro\datasets\pr_rpad_paper_aligned_v6\exp6\mixed\train\sequences\exp6_mixed_train_008.csv,281,1,1,0,0
exp6_mixed_train_104,D:\keyan\ai_research_workflow_base\13_paper_aligned_repro\datasets\pr_rpad_paper_aligned_v6\exp6\mixed\train\sequences\exp6_mixed_train_104.csv,350,7,4,0,0
exp6_mixed_train_019,D:\keyan\ai_research_workflow_base\13_paper_aligned_repro\datasets\pr_rpad_paper_aligned_v6\exp6\mixed\train\sequences\exp6_mixed_train_019.csv,347,7,4,0,0
exp6_mixed_train_029,D:\keyan\ai_research_workflow_base\13_paper_aligned_repro\datasets\pr_rpad_paper_aligned_v6\exp6\mixed\train\sequences\exp6_mixed_train_029.csv,107,5,3,0,0
exp6_mixed_train_085,D:\keyan\ai_research_workflow_base\13_paper_aligned_repro\datasets\pr_rpad_paper_aligned_v6\exp6\mixed\train\sequences\exp6_mixed_train_085.csv,206,1,1,0,0
exp6_mixed_train_135,D:\keyan\ai_research_workflow_base\13_paper_aligned_repro\datasets\pr_rpad_paper_aligned_v6\exp6\mixed\train\sequences\exp6_mixed_train_135.csv,173,4,2,0,0
exp6_mixed_train_025,D:\keyan\ai_research_workflow_base\13_paper_aligned_repro\datasets\pr_rpad_paper_aligned_v6\exp6\mixed\train\sequences\exp6_mixed_train_025.csv,396,7,4,0,0
exp6_mixed_train_108,D:\keyan\ai_research_workflow_base\13_paper_aligned_repro\datasets\pr_rpad_paper_aligned_v6\exp6\mixed\train\sequences\exp6_mixed_train_108.csv,147,1,1,0,0
exp6_mixed_train_052,D:\keyan\ai_research_workflow_base\13_paper_aligned_repro\datasets\pr_rpad_paper_aligned_v6\exp6\mixed\train\sequences\exp6_mixed_train_052.csv,168,5,3,0,0
exp6_mixed_train_005,D:\keyan\ai_research_workflow_base\13_paper_aligned_repro\datasets\pr_rpad_paper_aligned_v6\exp6\mixed\train\sequences\exp6_mixed_train_005.csv,157,1,1,0,0
exp6_mixed_train_021,D:\keyan\ai_research_workflow_base\13_paper_aligned_repro\datasets\pr_rpad_paper_aligned_v6\exp6\mixed\train\sequences\exp6_mixed_train_021.csv,389,7,4,0,0
exp6_mixed_train_078,D:\keyan\ai_research_workflow_base\13_paper_aligned_repro\datasets\pr_rpad_paper_aligned_v6\exp6\mixed\train\sequences\exp6_mixed_train_078.csv,23,5,3,0,0
exp6_mixed_train_118,D:\keyan\ai_research_workflow_base\13_paper_aligned_repro\datasets\pr_rpad_paper_aligned_v6\exp6\mixed\train\sequences\exp6_mixed_train_118.csv,358,7,4,0,0
exp6_mixed_train_112,D:\keyan\ai_research_workflow_base\13_paper_aligned_repro\datasets\pr_rpad_paper_aligned_v6\exp6\mixed\train\sequences\exp6_mixed_train_112.csv,388,0,0,0,1
exp6_mixed_train_146,D:\keyan\ai_research_workflow_base\13_paper_aligned_repro\datasets\pr_rpad_paper_aligned_v6\exp6\mixed\train\sequences\exp6_mixed_train_146.csv,77,4,2,0,0
exp6_mixed_train_067,D:\keyan\ai_research_workflow_base\13_paper_aligned_repro\datasets\pr_rpad_paper_aligned_v6\exp6\mixed\train\sequences\exp6_mixed_train_067.csv,162,5,3,0,0
exp6_mixed_train_094,D:\keyan\ai_research_workflow_base\13_paper_aligned_repro\datasets\pr_rpad_paper_aligned_v6\exp6\mixed\train\sequences\exp6_mixed_train_094.csv,378,7,4,0,0
exp6_mixed_train_037,D:\keyan\ai_research_workflow_base\13_paper_aligned_repro\datasets\pr_rpad_paper_aligned_v6\exp6\mixed\train\sequences\exp6_mixed_train_037.csv,296,0,0,0,1
exp6_mixed_train_154,D:\keyan\ai_research_workflow_base\13_paper_aligned_repro\datasets\pr_rpad_paper_aligned_v6\exp6\mixed\train\sequences\exp6_mixed_train_154.csv,241,4,2,0,0
exp6_mixed_train_125,D:\keyan\ai_research_workflow_base\13_paper_aligned_repro\datasets\pr_rpad_paper_aligned_v6\exp6\mixed\train\sequences\exp6_mixed_train_125.csv,348,0,0,0,1
exp6_mixed_train_057,D:\keyan\ai_research_workflow_base\13_paper_aligned_repro\datasets\pr_rpad_paper_aligned_v6\exp6\mixed\train\sequences\exp6_mixed_train_057.csv,63,1,1,0,0
exp6_mixed_train_008,D:\keyan\ai_research_workflow_base\13_paper_aligned_repro\datasets\pr_rpad_paper_aligned_v6\exp6\mixed\train\sequences\exp6_mixed_train_008.csv,13,5,3,0,0
exp6_mixed_train_042,D:\keyan\ai_research_workflow_base\13_paper_aligned_repro\datasets\pr_rpad_paper_aligned_v6\exp6\mixed\train\sequences\exp6_mixed_train_042.csv,336,7,4,0,0
exp6_mixed_train_078,D:\keyan\ai_research_workflow_base\13_paper_aligned_repro\datasets\pr_rpad_paper_aligned_v6\exp6\mixed\train\sequences\exp6_mixed_train_078.csv,37,4,2,0,0
exp6_mixed_train_104,D:\keyan\ai_research_workflow_base\13_paper_aligned_repro\datasets\pr_rpad_paper_aligned_v6\exp6\mixed\train\sequences\exp6_mixed_train_104.csv,338,0,0,0,1
exp6_mixed_train_060,D:\keyan\ai_research_workflow_base\13_paper_aligned_repro\datasets\pr_rpad_paper_aligned_v6\exp6\mixed\train\sequences\exp6_mixed_train_060.csv,354,0,0,0,1
exp6_mixed_train_056,D:\keyan\ai_research_workflow_base\13_paper_aligned_repro\datasets\pr_rpad_paper_aligned_v6\exp6\mixed\train\sequences\exp6_mixed_train_056.csv,224,1,1,0,0
exp6_mixed_train_100,D:\keyan\ai_research_workflow_base\13_paper_aligned_repro\datasets\pr_rpad_paper_aligned_v6\exp6\mixed\train\sequences\exp6_mixed_train_100.csv,5,5,3,0,0
exp6_mixed_train_076,D:\keyan\ai_research_workflow_base\13_paper_aligned_repro\datasets\pr_rpad_paper_aligned_v6\exp6\mixed\train\sequences\exp6_mixed_train_076.csv,375,7,4,0,0
exp6_mixed_train_140,D:\keyan\ai_research_workflow_base\13_paper_aligned_repro\datasets\pr_rpad_paper_aligned_v6\exp6\mixed\train\sequences\exp6_mixed_train_140.csv,341,7,4,0,0
exp6_mixed_train_099,D:\keyan\ai_research_workflow_base\13_paper_aligned_repro\datasets\pr_rpad_paper_aligned_v6\exp6\mixed\train\sequences\exp6_mixed_train_099.csv,218,1,1,0,0
exp6_mixed_train_066,D:\keyan\ai_research_workflow_base\13_paper_aligned_repro\datasets\pr_rpad_paper_aligned_v6\exp6\mixed\train\sequences\exp6_mixed_train_066.csv,381,7,4,0,0
exp6_mixed_train_109,D:\keyan\ai_research_workflow_base\13_paper_aligned_repro\datasets\pr_rpad_paper_aligned_v6\exp6\mixed\train\sequences\exp6_mixed_train_109.csv,256,1,1,0,0
exp6_mixed_train_132,D:\keyan\ai_research_workflow_base\13_paper_aligned_repro\datasets\pr_rpad_paper_aligned_v6\exp6\mixed\train\sequences\exp6_mixed_train_132.csv,314,0,0,0,1
exp6_mixed_train_034,D:\keyan\ai_research_workflow_base\13_paper_aligned_repro\datasets\pr_rpad_paper_aligned_v6\exp6\mixed\train\sequences\exp6_mixed_train_034.csv,75,4,2,0,0
exp6_mixed_train_118,D:\keyan\ai_research_workflow_base\13_paper_aligned_repro\datasets\pr_rpad_paper_aligned_v6\exp6\mixed\train\sequences\exp6_mixed_train_118.csv,276,1,1,0,0
exp6_mixed_train_134,D:\keyan\ai_research_workflow_base\13_paper_aligned_repro\datasets\pr_rpad_paper_aligned_v6\exp6\mixed\train\sequences\exp6_mixed_train_134.csv,139,4,2,0,0
exp6_mixed_train_155,D:\keyan\ai_research_workflow_base\13_paper_aligned_repro\datasets\pr_rpad_paper_aligned_v6\exp6\mixed\train\sequences\exp6_mixed_train_155.csv,299,7,4,0,0
exp6_mixed_train_068,D:\keyan\ai_research_workflow_base\13_paper_aligned_repro\datasets\pr_rpad_paper_aligned_v6\exp6\mixed\train\sequences\exp6_mixed_train_068.csv,78,4,2,0,0
exp6_mixed_train_096,D:\keyan\ai_research_workflow_base\13_paper_aligned_repro\datasets\pr_rpad_paper_aligned_v6\exp6\mixed\train\sequences\exp6_mixed_train_096.csv,123,4,2,0,0
exp6_mixed_train_050,D:\keyan\ai_research_workflow_base\13_paper_aligned_repro\datasets\pr_rpad_paper_aligned_v6\exp6\mixed\train\sequences\exp6_mixed_train_050.csv,143,0,0,0,1
exp6_mixed_train_063,D:\keyan\ai_research_workflow_base\13_paper_aligned_repro\datasets\pr_rpad_paper_aligned_v6\exp6\mixed\train\sequences\exp6_mixed_train_063.csv,186,1,1,0,0
exp6_mixed_train_141,D:\keyan\ai_research_workflow_base\13_paper_aligned_repro\datasets\pr_rpad_paper_aligned_v6\exp6\mixed\train\sequences\exp6_mixed_train_141.csv,210,0,0,0,1
exp6_mixed_train_061,D:\keyan\ai_research_workflow_base\13_paper_aligned_repro\datasets\pr_rpad_paper_aligned_v6\exp6\mixed\train\sequences\exp6_mixed_train_061.csv,385,0,0,0,1
exp6_mixed_train_067,D:\keyan\ai_research_workflow_base\13_paper_aligned_repro\datasets\pr_rpad_paper_aligned_v6\exp6\mixed\train\sequences\exp6_mixed_train_067.csv,278,1,1,0,0
exp6_mixed_train_063,D:\keyan\ai_research_workflow_base\13_paper_aligned_repro\datasets\pr_rpad_paper_aligned_v6\exp6\mixed\train\sequences\exp6_mixed_train_063.csv,332,7,4,0,0
exp6_mixed_train_077,D:\keyan\ai_research_workflow_base\13_paper_aligned_repro\datasets\pr_rpad_paper_aligned_v6\exp6\mixed\train\sequences\exp6_mixed_train_077.csv,344,7,4,0,0
exp6_mixed_train_016,D:\keyan\ai_research_workflow_base\13_paper_aligned_repro\datasets\pr_rpad_paper_aligned_v6\exp6\mixed\train\sequences\exp6_mixed_train_016.csv,327,7,4,0,0
exp6_mixed_train_158,D:\keyan\ai_research_workflow_base\13_paper_aligned_repro\datasets\pr_rpad_paper_aligned_v6\exp6\mixed\train\sequences\exp6_mixed_train_158.csv,258,1,1,0,0
exp6_mixed_train_000,D:\keyan\ai_research_workflow_base\13_paper_aligned_repro\datasets\pr_rpad_paper_aligned_v6\exp6\mixed\train\sequences\exp6_mixed_train_000.csv,312,7,4,0,0
exp6_mixed_train_073,D:\keyan\ai_research_workflow_base\13_paper_aligned_repro\datasets\pr_rpad_paper_aligned_v6\exp6\mixed\train\sequences\exp6_mixed_train_073.csv,397,0,0,0,1
exp6_mixed_train_093,D:\keyan\ai_research_workflow_base\13_paper_aligned_repro\datasets\pr_rpad_paper_aligned_v6\exp6\mixed\train\sequences\exp6_mixed_train_093.csv,7,5,3,0,0
exp6_mixed_train_067,D:\keyan\ai_research_workflow_base\13_paper_aligned_repro\datasets\pr_rpad_paper_aligned_v6\exp6\mixed\train\sequences\exp6_mixed_train_067.csv,173,1,1,0,0
exp6_mixed_train_010,D:\keyan\ai_research_workflow_base\13_paper_aligned_repro\datasets\pr_rpad_paper_aligned_v6\exp6\mixed\train\sequences\exp6_mixed_train_010.csv,215,4,2,0,0
exp6_mixed_train_143,D:\keyan\ai_research_workflow_base\13_paper_aligned_repro\datasets\pr_rpad_paper_aligned_v6\exp6\mixed\train\sequences\exp6_mixed_train_143.csv,45,5,3,0,0
exp6_mixed_train_042,D:\keyan\ai_research_workflow_base\13_paper_aligned_repro\datasets\pr_rpad_paper_aligned_v6\exp6\mixed\train\sequences\exp6_mixed_train_042.csv,285,0,0,0,1
exp6_mixed_train_006,D:\keyan\ai_research_workflow_base\13_paper_aligned_repro\datasets\pr_rpad_paper_aligned_v6\exp6\mixed\train\sequences\exp6_mixed_train_006.csv,363,7,4,0,0
exp6_mixed_train_074,D:\keyan\ai_research_workflow_base\13_paper_aligned_repro\datasets\pr_rpad_paper_aligned_v6\exp6\mixed\train\sequences\exp6_mixed_train_074.csv,285,1,1,0,0
exp6_mixed_train_074,D:\keyan\ai_research_workflow_base\13_paper_aligned_repro\datasets\pr_rpad_paper_aligned_v6\exp6\mixed\train\sequences\exp6_mixed_train_074.csv,60,5,3,0,0
exp6_mixed_train_095,D:\keyan\ai_research_workflow_base\13_paper_aligned_repro\datasets\pr_rpad_paper_aligned_v6\exp6\mixed\train\sequences\exp6_mixed_train_095.csv,378,7,4,0,0
exp6_mixed_train_115,D:\keyan\ai_research_workflow_base\13_paper_aligned_repro\datasets\pr_rpad_paper_aligned_v6\exp6\mixed\train\sequences\exp6_mixed_train_115.csv,301,0,0,0,1
exp6_mixed_train_072,D:\keyan\ai_research_workflow_base\13_paper_aligned_repro\datasets\pr_rpad_paper_aligned_v6\exp6\mixed\train\sequences\exp6_mixed_train_072.csv,305,7,4,0,0
exp6_mixed_train_124,D:\keyan\ai_research_workflow_base\13_paper_aligned_repro\datasets\pr_rpad_paper_aligned_v6\exp6\mixed\train\sequences\exp6_mixed_train_124.csv,301,7,4,0,0
exp6_mixed_train_042,D:\keyan\ai_research_workflow_base\13_paper_aligned_repro\datasets\pr_rpad_paper_aligned_v6\exp6\mixed\train\sequences\exp6_mixed_train_042.csv,72,7,4,0,0
exp6_mixed_train_149,D:\keyan\ai_research_workflow_base\13_paper_aligned_repro\datasets\pr_rpad_paper_aligned_v6\exp6\mixed\train\sequences\exp6_mixed_train_149.csv,252,1,1,0,0
exp6_mixed_train_013,D:\keyan\ai_research_workflow_base\13_paper_aligned_repro\datasets\pr_rpad_paper_aligned_v6\exp6\mixed\train\sequences\exp6_mixed_train_013.csv,73,5,3,0,0
exp6_mixed_train_152,D:\keyan\ai_research_workflow_base\13_paper_aligned_repro\datasets\pr_rpad_paper_aligned_v6\exp6\mixed\train\sequences\exp6_mixed_train_152.csv,363,7,4,0,0
exp6_mixed_train_089,D:\keyan\ai_research_workflow_base\13_paper_aligned_repro\datasets\pr_rpad_paper_aligned_v6\exp6\mixed\train\sequences\exp6_mixed_train_089.csv,341,7,4,0,0
exp6_mixed_train_141,D:\keyan\ai_research_workflow_base\13_paper_aligned_repro\datasets\pr_rpad_paper_aligned_v6\exp6\mixed\train\sequences\exp6_mixed_train_141.csv,249,4,2,0,0
exp6_mixed_train_064,D:\keyan\ai_research_workflow_base\13_paper_aligned_repro\datasets\pr_rpad_paper_aligned_v6\exp6\mixed\train\sequences\exp6_mixed_train_064.csv,395,0,0,0,1
exp6_mixed_train_006,D:\keyan\ai_research_workflow_base\13_paper_aligned_repro\datasets\pr_rpad_paper_aligned_v6\exp6\mixed\train\sequences\exp6_mixed_train_006.csv,153,5,3,0,0
exp6_mixed_train_127,D:\keyan\ai_research_workflow_base\13_paper_aligned_repro\datasets\pr_rpad_paper_aligned_v6\exp6\mixed\train\sequences\exp6_mixed_train_127.csv,289,7,4,0,0
exp6_mixed_train_090,D:\keyan\ai_research_workflow_base\13_paper_aligned_repro\datasets\pr_rpad_paper_aligned_v6\exp6\mixed\train\sequences\exp6_mixed_train_090.csv,382,7,4,0,0
exp6_mixed_train_137,D:\keyan\ai_research_workflow_base\13_paper_aligned_repro\datasets\pr_rpad_paper_aligned_v6\exp6\mixed\train\sequences\exp6_mixed_train_137.csv,284,1,1,0,0
exp6_mixed_train_076,D:\keyan\ai_research_workflow_base\13_paper_aligned_repro\datasets\pr_rpad_paper_aligned_v6\exp6\mixed\train\sequences\exp6_mixed_train_076.csv,293,7,4,0,0
exp6_mixed_train_043,D:\keyan\ai_research_workflow_base\13_paper_aligned_repro\datasets\pr_rpad_paper_aligned_v6\exp6\mixed\train\sequences\exp6_mixed_train_043.csv,300,7,4,0,0
exp6_mixed_train_081,D:\keyan\ai_research_workflow_base\13_paper_aligned_repro\datasets\pr_rpad_paper_aligned_v6\exp6\mixed\train\sequences\exp6_mixed_train_081.csv,367,7,4,0,0
exp6_mixed_train_100,D:\keyan\ai_research_workflow_base\13_paper_aligned_repro\datasets\pr_rpad_paper_aligned_v6\exp6\mixed\train\sequences\exp6_mixed_train_100.csv,172,4,2,0,0
exp6_mixed_train_080,D:\keyan\ai_research_workflow_base\13_paper_aligned_repro\datasets\pr_rpad_paper_aligned_v6\exp6\mixed\train\sequences\exp6_mixed_train_080.csv,83,5,3,0,0
exp6_mixed_train_065,D:\keyan\ai_research_workflow_base\13_paper_aligned_repro\datasets\pr_rpad_paper_aligned_v6\exp6\mixed\train\sequences\exp6_mixed_train_065.csv,52,5,3,0,0
exp6_mixed_train_115,D:\keyan\ai_research_workflow_base\13_paper_aligned_repro\datasets\pr_rpad_paper_aligned_v6\exp6\mixed\train\sequences\exp6_mixed_train_115.csv,3,5,3,0,0
exp6_mixed_train_048,D:\keyan\ai_research_workflow_base\13_paper_aligned_repro\datasets\pr_rpad_paper_aligned_v6\exp6\mixed\train\sequences\exp6_mixed_train_048.csv,222,1,1,0,0
exp6_mixed_train_116,D:\keyan\ai_research_workflow_base\13_paper_aligned_repro\datasets\pr_rpad_paper_aligned_v6\exp6\mixed\train\sequences\exp6_mixed_train_116.csv,21,1,1,0,0
exp6_mixed_train_056,D:\keyan\ai_research_workflow_base\13_paper_aligned_repro\datasets\pr_rpad_paper_aligned_v6\exp6\mixed\train\sequences\exp6_mixed_train_056.csv,88,5,3,0,0
exp6_mixed_train_010,D:\keyan\ai_research_workflow_base\13_paper_aligned_repro\datasets\pr_rpad_paper_aligned_v6\exp6\mixed\train\sequences\exp6_mixed_train_010.csv,142,1,1,0,0
exp6_mixed_train_060,D:\keyan\ai_research_workflow_base\13_paper_aligned_repro\datasets\pr_rpad_paper_aligned_v6\exp6\mixed\train\sequences\exp6_mixed_train_060.csv,127,5,3,0,0
exp6_mixed_train_146,D:\keyan\ai_research_workflow_base\13_paper_aligned_repro\datasets\pr_rpad_paper_aligned_v6\exp6\mixed\train\sequences\exp6_mixed_train_146.csv,370,7,4,0,0
exp6_mixed_train_152,D:\keyan\ai_research_workflow_base\13_paper_aligned_repro\datasets\pr_rpad_paper_aligned_v6\exp6\mixed\train\sequences\exp6_mixed_train_152.csv,299,0,0,0,1
exp6_mixed_train_104,D:\keyan\ai_research_workflow_base\13_paper_aligned_repro\datasets\pr_rpad_paper_aligned_v6\exp6\mixed\train\sequences\exp6_mixed_train_104.csv,383,0,0,0,1
exp6_mixed_train_140,D:\keyan\ai_research_workflow_base\13_paper_aligned_repro\datasets\pr_rpad_paper_aligned_v6\exp6\mixed\train\sequences\exp6_mixed_train_140.csv,31,4,2,0,0
exp6_mixed_train_122,D:\keyan\ai_research_workflow_base\13_paper_aligned_repro\datasets\pr_rpad_paper_aligned_v6\exp6\mixed\train\sequences\exp6_mixed_train_122.csv,172,5,3,0,0
exp6_mixed_train_076,D:\keyan\ai_research_workflow_base\13_paper_aligned_repro\datasets\pr_rpad_paper_aligned_v6\exp6\mixed\train\sequences\exp6_mixed_train_076.csv,294,7,4,0,0
exp6_mixed_train_111,D:\keyan\ai_research_workflow_base\13_paper_aligned_repro\datasets\pr_rpad_paper_aligned_v6\exp6\mixed\train\sequences\exp6_mixed_train_111.csv,109,0,0,0,1
exp6_mixed_train_098,D:\keyan\ai_research_workflow_base\13_paper_aligned_repro\datasets\pr_rpad_paper_aligned_v6\exp6\mixed\train\sequences\exp6_mixed_train_098.csv,334,7,4,0,0
exp6_mixed_train_004,D:\keyan\ai_research_workflow_base\13_paper_aligned_repro\datasets\pr_rpad_paper_aligned_v6\exp6\mixed\train\sequences\exp6_mixed_train_004.csv,14,5,3,0,0
exp6_mixed_train_134,D:\keyan\ai_research_workflow_base\13_paper_aligned_repro\datasets\pr_rpad_paper_aligned_v6\exp6\mixed\train\sequences\exp6_mixed_train_134.csv,285,1,1,0,0
exp6_mixed_train_016,D:\keyan\ai_research_workflow_base\13_paper_aligned_repro\datasets\pr_rpad_paper_aligned_v6\exp6\mixed\train\sequences\exp6_mixed_train_016.csv,85,4,2,0,0
exp6_mixed_train_009,D:\keyan\ai_research_workflow_base\13_paper_aligned_repro\datasets\pr_rpad_paper_aligned_v6\exp6\mixed\train\sequences\exp6_mixed_train_009.csv,128,5,3,0,0
exp6_mixed_train_113,D:\keyan\ai_research_workflow_base\13_paper_aligned_repro\datasets\pr_rpad_paper_aligned_v6\exp6\mixed\train\sequences\exp6_mixed_train_113.csv,94,5,3,0,0
exp6_mixed_train_117,D:\keyan\ai_research_workflow_base\13_paper_aligned_repro\datasets\pr_rpad_paper_aligned_v6\exp6\mixed\train\sequences\exp6_mixed_train_117.csv,23,1,1,0,0
exp6_mixed_train_079,D:\keyan\ai_research_workflow_base\13_paper_aligned_repro\datasets\pr_rpad_paper_aligned_v6\exp6\mixed\train\sequences\exp6_mixed_train_079.csv,379,7,4,0,0
exp6_mixed_train_048,D:\keyan\ai_research_workflow_base\13_paper_aligned_repro\datasets\pr_rpad_paper_aligned_v6\exp6\mixed\train\sequences\exp6_mixed_train_048.csv,320,7,4,0,0
exp6_mixed_train_111,D:\keyan\ai_research_workflow_base\13_paper_aligned_repro\datasets\pr_rpad_paper_aligned_v6\exp6\mixed\train\sequences\exp6_mixed_train_111.csv,55,1,1,0,0
exp6_mixed_train_045,D:\keyan\ai_research_workflow_base\13_paper_aligned_repro\datasets\pr_rpad_paper_aligned_v6\exp6\mixed\train\sequences\exp6_mixed_train_045.csv,306,7,4,0,0
exp6_mixed_train_004,D:\keyan\ai_research_workflow_base\13_paper_aligned_repro\datasets\pr_rpad_paper_aligned_v6\exp6\mixed\train\sequences\exp6_mixed_train_004.csv,307,0,0,0,1
exp6_mixed_train_052,D:\keyan\ai_research_workflow_base\13_paper_aligned_repro\datasets\pr_rpad_paper_aligned_v6\exp6\mixed\train\sequences\exp6_mixed_train_052.csv,349,0,0,0,1
exp6_mixed_train_064,D:\keyan\ai_research_workflow_base\13_paper_aligned_repro\datasets\pr_rpad_paper_aligned_v6\exp6\mixed\train\sequences\exp6_mixed_train_064.csv,140,4,2,0,0
exp6_mixed_train_148,D:\keyan\ai_research_workflow_base\13_paper_aligned_repro\datasets\pr_rpad_paper_aligned_v6\exp6\mixed\train\sequences\exp6_mixed_train_148.csv,189,4,2,0,0
exp6_mixed_train_043,D:\keyan\ai_research_workflow_base\13_paper_aligned_repro\datasets\pr_rpad_paper_aligned_v6\exp6\mixed\train\sequences\exp6_mixed_train_043.csv,166,5,3,0,0
exp6_mixed_train_076,D:\keyan\ai_research_workflow_base\13_paper_aligned_repro\datasets\pr_rpad_paper_aligned_v6\exp6\mixed\train\sequences\exp6_mixed_train_076.csv,175,4,2,0,0
exp6_mixed_train_114,D:\keyan\ai_research_workflow_base\13_paper_aligned_repro\datasets\pr_rpad_paper_aligned_v6\exp6\mixed\train\sequences\exp6_mixed_train_114.csv,352,7,4,0,0
exp6_mixed_train_103,D:\keyan\ai_research_workflow_base\13_paper_aligned_repro\datasets\pr_rpad_paper_aligned_v6\exp6\mixed\train\sequences\exp6_mixed_train_103.csv,141,5,3,0,0
exp6_mixed_train_138,D:\keyan\ai_research_workflow_base\13_paper_aligned_repro\datasets\pr_rpad_paper_aligned_v6\exp6\mixed\train\sequences\exp6_mixed_train_138.csv,190,1,1,0,0
exp6_mixed_train_025,D:\keyan\ai_research_workflow_base\13_paper_aligned_repro\datasets\pr_rpad_paper_aligned_v6\exp6\mixed\train\sequences\exp6_mixed_train_025.csv,71,5,3,0,0
exp6_mixed_train_049,D:\keyan\ai_research_workflow_base\13_paper_aligned_repro\datasets\pr_rpad_paper_aligned_v6\exp6\mixed\train\sequences\exp6_mixed_train_049.csv,4,5,3,0,0
exp6_mixed_train_082,D:\keyan\ai_research_workflow_base\13_paper_aligned_repro\datasets\pr_rpad_paper_aligned_v6\exp6\mixed\train\sequences\exp6_mixed_train_082.csv,195,1,1,0,0
exp6_mixed_train_146,D:\keyan\ai_research_workflow_base\13_paper_aligned_repro\datasets\pr_rpad_paper_aligned_v6\exp6\mixed\train\sequences\exp6_mixed_train_146.csv,260,1,1,0,0
exp6_mixed_train_051,D:\keyan\ai_research_workflow_base\13_paper_aligned_repro\datasets\pr_rpad_paper_aligned_v6\exp6\mixed\train\sequences\exp6_mixed_train_051.csv,396,0,0,0,1
exp6_mixed_train_157,D:\keyan\ai_research_workflow_base\13_paper_aligned_repro\datasets\pr_rpad_paper_aligned_v6\exp6\mixed\train\sequences\exp6_mixed_train_157.csv,336,0,0,0,1
exp6_mixed_train_032,D:\keyan\ai_research_workflow_base\13_paper_aligned_repro\datasets\pr_rpad_paper_aligned_v6\exp6\mixed\train\sequences\exp6_mixed_train_032.csv,297,7,4,0,0
exp6_mixed_train_098,D:\keyan\ai_research_workflow_base\13_paper_aligned_repro\datasets\pr_rpad_paper_aligned_v6\exp6\mixed\train\sequences\exp6_mixed_train_098.csv,387,7,4,0,0
exp6_mixed_train_134,D:\keyan\ai_research_workflow_base\13_paper_aligned_repro\datasets\pr_rpad_paper_aligned_v6\exp6\mixed\train\sequences\exp6_mixed_train_134.csv,296,0,0,0,1
exp6_mixed_train_117,D:\keyan\ai_research_workflow_base\13_paper_aligned_repro\datasets\pr_rpad_paper_aligned_v6\exp6\mixed\train\sequences\exp6_mixed_train_117.csv,78,5,3,0,0
exp6_mixed_train_129,D:\keyan\ai_research_workflow_base\13_paper_aligned_repro\datasets\pr_rpad_paper_aligned_v6\exp6\mixed\train\sequences\exp6_mixed_train_129.csv,312,7,4,0,0
exp6_mixed_train_001,D:\keyan\ai_research_workflow_base\13_paper_aligned_repro\datasets\pr_rpad_paper_aligned_v6\exp6\mixed\train\sequences\exp6_mixed_train_001.csv,157,5,3,0,0
exp6_mixed_train_101,D:\keyan\ai_research_workflow_base\13_paper_aligned_repro\datasets\pr_rpad_paper_aligned_v6\exp6\mixed\train\sequences\exp6_mixed_train_101.csv,102,4,2,0,0
exp6_mixed_train_057,D:\keyan\ai_research_workflow_base\13_paper_aligned_repro\datasets\pr_rpad_paper_aligned_v6\exp6\mixed\train\sequences\exp6_mixed_train_057.csv,33,5,3,0,0
exp6_mixed_train_015,D:\keyan\ai_research_workflow_base\13_paper_aligned_repro\datasets\pr_rpad_paper_aligned_v6\exp6\mixed\train\sequences\exp6_mixed_train_015.csv,336,0,0,0,1
exp6_mixed_train_083,D:\keyan\ai_research_workflow_base\13_paper_aligned_repro\datasets\pr_rpad_paper_aligned_v6\exp6\mixed\train\sequences\exp6_mixed_train_083.csv,184,1,1,0,0
exp6_mixed_train_073,D:\keyan\ai_research_workflow_base\13_paper_aligned_repro\datasets\pr_rpad_paper_aligned_v6\exp6\mixed\train\sequences\exp6_mixed_train_073.csv,205,4,2,0,0
exp6_mixed_train_074,D:\keyan\ai_research_workflow_base\13_paper_aligned_repro\datasets\pr_rpad_paper_aligned_v6\exp6\mixed\train\sequences\exp6_mixed_train_074.csv,327,7,4,0,0
exp6_mixed_train_109,D:\keyan\ai_research_workflow_base\13_paper_aligned_repro\datasets\pr_rpad_paper_aligned_v6\exp6\mixed\train\sequences\exp6_mixed_train_109.csv,335,0,0,0,1
exp6_mixed_train_052,D:\keyan\ai_research_workflow_base\13_paper_aligned_repro\datasets\pr_rpad_paper_aligned_v6\exp6\mixed\train\sequences\exp6_mixed_train_052.csv,117,1,1,0,0
exp6_mixed_train_021,D:\keyan\ai_research_workflow_base\13_paper_aligned_repro\datasets\pr_rpad_paper_aligned_v6\exp6\mixed\train\sequences\exp6_mixed_train_021.csv,164,4,2,0,0
exp6_mixed_train_088,D:\keyan\ai_research_workflow_base\13_paper_aligned_repro\datasets\pr_rpad_paper_aligned_v6\exp6\mixed\train\sequences\exp6_mixed_train_088.csv,368,0,0,0,1
exp6_mixed_train_009,D:\keyan\ai_research_workflow_base\13_paper_aligned_repro\datasets\pr_rpad_paper_aligned_v6\exp6\mixed\train\sequences\exp6_mixed_train_009.csv,27,5,3,0,0
exp6_mixed_train_067,D:\keyan\ai_research_workflow_base\13_paper_aligned_repro\datasets\pr_rpad_paper_aligned_v6\exp6\mixed\train\sequences\exp6_mixed_train_067.csv,389,7,4,0,0
exp6_mixed_train_049,D:\keyan\ai_research_workflow_base\13_paper_aligned_repro\datasets\pr_rpad_paper_aligned_v6\exp6\mixed\train\sequences\exp6_mixed_train_049.csv,331,7,4,0,0
exp6_mixed_train_008,D:\keyan\ai_research_workflow_base\13_paper_aligned_repro\datasets\pr_rpad_paper_aligned_v6\exp6\mixed\train\sequences\exp6_mixed_train_008.csv,246,4,2,0,0
exp6_mixed_train_129,D:\keyan\ai_research_workflow_base\13_paper_aligned_repro\datasets\pr_rpad_paper_aligned_v6\exp6\mixed\train\sequences\exp6_mixed_train_129.csv,292,0,0,0,1
exp6_mixed_train_125,D:\keyan\ai_research_workflow_base\13_paper_aligned_repro\datasets\pr_rpad_paper_aligned_v6\exp6\mixed\train\sequences\exp6_mixed_train_125.csv,232,1,1,0,0
exp6_mixed_train_076,D:\keyan\ai_research_workflow_base\13_paper_aligned_repro\datasets\pr_rpad_paper_aligned_v6\exp6\mixed\train\sequences\exp6_mixed_train_076.csv,280,0,0,0,1
exp6_mixed_train_032,D:\keyan\ai_research_workflow_base\13_paper_aligned_repro\datasets\pr_rpad_paper_aligned_v6\exp6\mixed\train\sequences\exp6_mixed_train_032.csv,153,4,2,0,0
exp6_mixed_train_098,D:\keyan\ai_research_workflow_base\13_paper_aligned_repro\datasets\pr_rpad_paper_aligned_v6\exp6\mixed\train\sequences\exp6_mixed_train_098.csv,147,4,2,0,0
exp6_mixed_train_105,D:\keyan\ai_research_workflow_base\13_paper_aligned_repro\datasets\pr_rpad_paper_aligned_v6\exp6\mixed\train\sequences\exp6_mixed_train_105.csv,320,0,0,0,1
exp6_mixed_train_041,D:\keyan\ai_research_workflow_base\13_paper_aligned_repro\datasets\pr_rpad_paper_aligned_v6\exp6\mixed\train\sequences\exp6_mixed_train_041.csv,236,4,2,0,0
exp6_mixed_train_159,D:\keyan\ai_research_workflow_base\13_paper_aligned_repro\datasets\pr_rpad_paper_aligned_v6\exp6\mixed\train\sequences\exp6_mixed_train_159.csv,208,4,2,0,0
exp6_mixed_train_043,D:\keyan\ai_research_workflow_base\13_paper_aligned_repro\datasets\pr_rpad_paper_aligned_v6\exp6\mixed\train\sequences\exp6_mixed_train_043.csv,241,4,2,0,0
exp6_mixed_train_124,D:\keyan\ai_research_workflow_base\13_paper_aligned_repro\datasets\pr_rpad_paper_aligned_v6\exp6\mixed\train\sequences\exp6_mixed_train_124.csv,364,0,0,0,1
exp6_mixed_train_085,D:\keyan\ai_research_workflow_base\13_paper_aligned_repro\datasets\pr_rpad_paper_aligned_v6\exp6\mixed\train\sequences\exp6_mixed_train_085.csv,364,7,4,0,0
exp6_mixed_train_045,D:\keyan\ai_research_workflow_base\13_paper_aligned_repro\datasets\pr_rpad_paper_aligned_v6\exp6\mixed\train\sequences\exp6_mixed_train_045.csv,144,4,2,0,0
exp6_mixed_train_134,D:\keyan\ai_research_workflow_base\13_paper_aligned_repro\datasets\pr_rpad_paper_aligned_v6\exp6\mixed\train\sequences\exp6_mixed_train_134.csv,159,5,3,0,0
exp6_mixed_train_023,D:\keyan\ai_research_workflow_base\13_paper_aligned_repro\datasets\pr_rpad_paper_aligned_v6\exp6\mixed\train\sequences\exp6_mixed_train_023.csv,300,0,0,0,1
exp6_mixed_train_127,D:\keyan\ai_research_workflow_base\13_paper_aligned_repro\datasets\pr_rpad_paper_aligned_v6\exp6\mixed\train\sequences\exp6_mixed_train_127.csv,311,0,0,0,1
exp6_mixed_train_081,D:\keyan\ai_research_workflow_base\13_paper_aligned_repro\datasets\pr_rpad_paper_aligned_v6\exp6\mixed\train\sequences\exp6_mixed_train_081.csv,331,0,0,0,1
exp6_mixed_train_107,D:\keyan\ai_research_workflow_base\13_paper_aligned_repro\datasets\pr_rpad_paper_aligned_v6\exp6\mixed\train\sequences\exp6_mixed_train_107.csv,116,5,3,0,0
exp6_mixed_train_020,D:\keyan\ai_research_workflow_base\13_paper_aligned_repro\datasets\pr_rpad_paper_aligned_v6\exp6\mixed\train\sequences\exp6_mixed_train_020.csv,142,4,2,0,0
exp6_mixed_train_117,D:\keyan\ai_research_workflow_base\13_paper_aligned_repro\datasets\pr_rpad_paper_aligned_v6\exp6\mixed\train\sequences\exp6_mixed_train_117.csv,244,1,1,0,0
exp6_mixed_train_095,D:\keyan\ai_research_workflow_base\13_paper_aligned_repro\datasets\pr_rpad_paper_aligned_v6\exp6\mixed\train\sequences\exp6_mixed_train_095.csv,137,5,3,0,0
exp6_mixed_train_043,D:\keyan\ai_research_workflow_base\13_paper_aligned_repro\datasets\pr_rpad_paper_aligned_v6\exp6\mixed\train\sequences\exp6_mixed_train_043.csv,118,4,2,0,0
exp6_mixed_train_105,D:\keyan\ai_research_workflow_base\13_paper_aligned_repro\datasets\pr_rpad_paper_aligned_v6\exp6\mixed\train\sequences\exp6_mixed_train_105.csv,292,1,1,0,0
exp6_mixed_train_021,D:\keyan\ai_research_workflow_base\13_paper_aligned_repro\datasets\pr_rpad_paper_aligned_v6\exp6\mixed\train\sequences\exp6_mixed_train_021.csv,395,0,0,0,1
exp6_mixed_train_107,D:\keyan\ai_research_workflow_base\13_paper_aligned_repro\datasets\pr_rpad_paper_aligned_v6\exp6\mixed\train\sequences\exp6_mixed_train_107.csv,117,1,1,0,0
exp6_mixed_train_000,D:\keyan\ai_research_workflow_base\13_paper_aligned_repro\datasets\pr_rpad_paper_aligned_v6\exp6\mixed\train\sequences\exp6_mixed_train_000.csv,280,4,2,0,0
exp6_mixed_train_128,D:\keyan\ai_research_workflow_base\13_paper_aligned_repro\datasets\pr_rpad_paper_aligned_v6\exp6\mixed\train\sequences\exp6_mixed_train_128.csv,1,5,3,0,0
exp6_mixed_train_123,D:\keyan\ai_research_workflow_base\13_paper_aligned_repro\datasets\pr_rpad_paper_aligned_v6\exp6\mixed\train\sequences\exp6_mixed_train_123.csv,108,4,2,0,0
exp6_mixed_train_116,D:\keyan\ai_research_workflow_base\13_paper_aligned_repro\datasets\pr_rpad_paper_aligned_v6\exp6\mixed\train\sequences\exp6_mixed_train_116.csv,391,0,0,0,1
exp6_mixed_train_115,D:\keyan\ai_research_workflow_base\13_paper_aligned_repro\datasets\pr_rpad_paper_aligned_v6\exp6\mixed\train\sequences\exp6_mixed_train_115.csv,307,0,0,0,1
exp6_mixed_train_110,D:\keyan\ai_research_workflow_base\13_paper_aligned_repro\datasets\pr_rpad_paper_aligned_v6\exp6\mixed\train\sequences\exp6_mixed_train_110.csv,240,7,4,0,0
exp6_mixed_train_068,D:\keyan\ai_research_workflow_base\13_paper_aligned_repro\datasets\pr_rpad_paper_aligned_v6\exp6\mixed\train\sequences\exp6_mixed_train_068.csv,238,4,2,0,0
exp6_mixed_train_096,D:\keyan\ai_research_workflow_base\13_paper_aligned_repro\datasets\pr_rpad_paper_aligned_v6\exp6\mixed\train\sequences\exp6_mixed_train_096.csv,49,1,1,0,0
exp6_mixed_train_090,D:\keyan\ai_research_workflow_base\13_paper_aligned_repro\datasets\pr_rpad_paper_aligned_v6\exp6\mixed\train\sequences\exp6_mixed_train_090.csv,269,1,1,0,0
exp6_mixed_train_071,D:\keyan\ai_research_workflow_base\13_paper_aligned_repro\datasets\pr_rpad_paper_aligned_v6\exp6\mixed\train\sequences\exp6_mixed_train_071.csv,272,4,2,0,0
exp6_mixed_train_057,D:\keyan\ai_research_workflow_base\13_paper_aligned_repro\datasets\pr_rpad_paper_aligned_v6\exp6\mixed\train\sequences\exp6_mixed_train_057.csv,344,0,0,0,1
exp6_mixed_train_068,D:\keyan\ai_research_workflow_base\13_paper_aligned_repro\datasets\pr_rpad_paper_aligned_v6\exp6\mixed\train\sequences\exp6_mixed_train_068.csv,344,7,4,0,0
exp6_mixed_train_013,D:\keyan\ai_research_workflow_base\13_paper_aligned_repro\datasets\pr_rpad_paper_aligned_v6\exp6\mixed\train\sequences\exp6_mixed_train_013.csv,347,0,0,0,1
exp6_mixed_train_111,D:\keyan\ai_research_workflow_base\13_paper_aligned_repro\datasets\pr_rpad_paper_aligned_v6\exp6\mixed\train\sequences\exp6_mixed_train_111.csv,363,0,0,0,1
exp6_mixed_train_051,D:\keyan\ai_research_workflow_base\13_paper_aligned_repro\datasets\pr_rpad_paper_aligned_v6\exp6\mixed\train\sequences\exp6_mixed_train_051.csv,97,1,1,0,0
exp6_mixed_train_001,D:\keyan\ai_research_workflow_base\13_paper_aligned_repro\datasets\pr_rpad_paper_aligned_v6\exp6\mixed\train\sequences\exp6_mixed_train_001.csv,301,0,0,0,1
exp6_mixed_train_111,D:\keyan\ai_research_workflow_base\13_paper_aligned_repro\datasets\pr_rpad_paper_aligned_v6\exp6\mixed\train\sequences\exp6_mixed_train_111.csv,158,5,3,0,0
exp6_mixed_train_069,D:\keyan\ai_research_workflow_base\13_paper_aligned_repro\datasets\pr_rpad_paper_aligned_v6\exp6\mixed\train\sequences\exp6_mixed_train_069.csv,85,1,1,0,0
exp6_mixed_train_075,D:\keyan\ai_research_workflow_base\13_paper_aligned_repro\datasets\pr_rpad_paper_aligned_v6\exp6\mixed\train\sequences\exp6_mixed_train_075.csv,100,1,1,0,0
exp6_mixed_train_078,D:\keyan\ai_research_workflow_base\13_paper_aligned_repro\datasets\pr_rpad_paper_aligned_v6\exp6\mixed\train\sequences\exp6_mixed_train_078.csv,356,0,0,0,1
exp6_mixed_train_018,D:\keyan\ai_research_workflow_base\13_paper_aligned_repro\datasets\pr_rpad_paper_aligned_v6\exp6\mixed\train\sequences\exp6_mixed_train_018.csv,150,4,2,0,0
exp6_mixed_train_154,D:\keyan\ai_research_workflow_base\13_paper_aligned_repro\datasets\pr_rpad_paper_aligned_v6\exp6\mixed\train\sequences\exp6_mixed_train_154.csv,265,4,2,0,0
exp6_mixed_train_138,D:\keyan\ai_research_workflow_base\13_paper_aligned_repro\datasets\pr_rpad_paper_aligned_v6\exp6\mixed\train\sequences\exp6_mixed_train_138.csv,73,5,3,0,0
exp6_mixed_train_083,D:\keyan\ai_research_workflow_base\13_paper_aligned_repro\datasets\pr_rpad_paper_aligned_v6\exp6\mixed\train\sequences\exp6_mixed_train_083.csv,9,1,1,0,0
exp6_mixed_train_129,D:\keyan\ai_research_workflow_base\13_paper_aligned_repro\datasets\pr_rpad_paper_aligned_v6\exp6\mixed\train\sequences\exp6_mixed_train_129.csv,388,0,0,0,1
exp6_mixed_train_126,D:\keyan\ai_research_workflow_base\13_paper_aligned_repro\datasets\pr_rpad_paper_aligned_v6\exp6\mixed\train\sequences\exp6_mixed_train_126.csv,326,7,4,0,0
exp6_mixed_train_141,D:\keyan\ai_research_workflow_base\13_paper_aligned_repro\datasets\pr_rpad_paper_aligned_v6\exp6\mixed\train\sequences\exp6_mixed_train_141.csv,95,4,2,0,0
exp6_mixed_train_101,D:\keyan\ai_research_workflow_base\13_paper_aligned_repro\datasets\pr_rpad_paper_aligned_v6\exp6\mixed\train\sequences\exp6_mixed_train_101.csv,48,5,3,0,0
exp6_mixed_train_004,D:\keyan\ai_research_workflow_base\13_paper_aligned_repro\datasets\pr_rpad_paper_aligned_v6\exp6\mixed\train\sequences\exp6_mixed_train_004.csv,115,5,3,0,0
exp6_mixed_train_106,D:\keyan\ai_research_workflow_base\13_paper_aligned_repro\datasets\pr_rpad_paper_aligned_v6\exp6\mixed\train\sequences\exp6_mixed_train_106.csv,308,7,4,0,0
exp6_mixed_train_104,D:\keyan\ai_research_workflow_base\13_paper_aligned_repro\datasets\pr_rpad_paper_aligned_v6\exp6\mixed\train\sequences\exp6_mixed_train_104.csv,345,7,4,0,0
exp6_mixed_train_110,D:\keyan\ai_research_workflow_base\13_paper_aligned_repro\datasets\pr_rpad_paper_aligned_v6\exp6\mixed\train\sequences\exp6_mixed_train_110.csv,176,5,3,0,0
exp6_mixed_train_017,D:\keyan\ai_research_workflow_base\13_paper_aligned_repro\datasets\pr_rpad_paper_aligned_v6\exp6\mixed\train\sequences\exp6_mixed_train_017.csv,294,7,4,0,0
exp6_mixed_train_143,D:\keyan\ai_research_workflow_base\13_paper_aligned_repro\datasets\pr_rpad_paper_aligned_v6\exp6\mixed\train\sequences\exp6_mixed_train_143.csv,352,0,0,0,1
exp6_mixed_train_110,D:\keyan\ai_research_workflow_base\13_paper_aligned_repro\datasets\pr_rpad_paper_aligned_v6\exp6\mixed\train\sequences\exp6_mixed_train_110.csv,10,4,2,0,0
exp6_mixed_train_139,D:\keyan\ai_research_workflow_base\13_paper_aligned_repro\datasets\pr_rpad_paper_aligned_v6\exp6\mixed\train\sequences\exp6_mixed_train_139.csv,66,4,2,0,0
exp6_mixed_train_069,D:\keyan\ai_research_workflow_base\13_paper_aligned_repro\datasets\pr_rpad_paper_aligned_v6\exp6\mixed\train\sequences\exp6_mixed_train_069.csv,193,1,1,0,0
exp6_mixed_train_151,D:\keyan\ai_research_workflow_base\13_paper_aligned_repro\datasets\pr_rpad_paper_aligned_v6\exp6\mixed\train\sequences\exp6_mixed_train_151.csv,288,1,1,0,0
exp6_mixed_train_151,D:\keyan\ai_research_workflow_base\13_paper_aligned_repro\datasets\pr_rpad_paper_aligned_v6\exp6\mixed\train\sequences\exp6_mixed_train_151.csv,356,0,0,0,1
exp6_mixed_train_019,D:\keyan\ai_research_workflow_base\13_paper_aligned_repro\datasets\pr_rpad_paper_aligned_v6\exp6\mixed\train\sequences\exp6_mixed_train_019.csv,397,0,0,0,1
exp6_mixed_train_116,D:\keyan\ai_research_workflow_base\13_paper_aligned_repro\datasets\pr_rpad_paper_aligned_v6\exp6\mixed\train\sequences\exp6_mixed_train_116.csv,336,7,4,0,0
exp6_mixed_train_142,D:\keyan\ai_research_workflow_base\13_paper_aligned_repro\datasets\pr_rpad_paper_aligned_v6\exp6\mixed\train\sequences\exp6_mixed_train_142.csv,116,5,3,0,0
exp6_mixed_train_107,D:\keyan\ai_research_workflow_base\13_paper_aligned_repro\datasets\pr_rpad_paper_aligned_v6\exp6\mixed\train\sequences\exp6_mixed_train_107.csv,1,4,2,0,0
exp6_mixed_train_021,D:\keyan\ai_research_workflow_base\13_paper_aligned_repro\datasets\pr_rpad_paper_aligned_v6\exp6\mixed\train\sequences\exp6_mixed_train_021.csv,336,0,0,0,1
exp6_mixed_train_020,D:\keyan\ai_research_workflow_base\13_paper_aligned_repro\datasets\pr_rpad_paper_aligned_v6\exp6\mixed\train\sequences\exp6_mixed_train_020.csv,22,5,3,0,0
exp6_mixed_train_132,D:\keyan\ai_research_workflow_base\13_paper_aligned_repro\datasets\pr_rpad_paper_aligned_v6\exp6\mixed\train\sequences\exp6_mixed_train_132.csv,146,1,1,0,0
exp6_mixed_train_058,D:\keyan\ai_research_workflow_base\13_paper_aligned_repro\datasets\pr_rpad_paper_aligned_v6\exp6\mixed\train\sequences\exp6_mixed_train_058.csv,331,7,4,0,0
exp6_mixed_train_071,D:\keyan\ai_research_workflow_base\13_paper_aligned_repro\datasets\pr_rpad_paper_aligned_v6\exp6\mixed\train\sequences\exp6_mixed_train_071.csv,382,7,4,0,0
exp6_mixed_train_153,D:\keyan\ai_research_workflow_base\13_paper_aligned_repro\datasets\pr_rpad_paper_aligned_v6\exp6\mixed\train\sequences\exp6_mixed_train_153.csv,163,5,3,0,0
exp6_mixed_train_086,D:\keyan\ai_research_workflow_base\13_paper_aligned_repro\datasets\pr_rpad_paper_aligned_v6\exp6\mixed\train\sequences\exp6_mixed_train_086.csv,302,0,0,0,1
exp6_mixed_train_045,D:\keyan\ai_research_workflow_base\13_paper_aligned_repro\datasets\pr_rpad_paper_aligned_v6\exp6\mixed\train\sequences\exp6_mixed_train_045.csv,383,0,0,0,1
exp6_mixed_train_014,D:\keyan\ai_research_workflow_base\13_paper_aligned_repro\datasets\pr_rpad_paper_aligned_v6\exp6\mixed\train\sequences\exp6_mixed_train_014.csv,380,7,4,0,0
exp6_mixed_train_090,D:\keyan\ai_research_workflow_base\13_paper_aligned_repro\datasets\pr_rpad_paper_aligned_v6\exp6\mixed\train\sequences\exp6_mixed_train_090.csv,91,5,3,0,0
exp6_mixed_train_158,D:\keyan\ai_research_workflow_base\13_paper_aligned_repro\datasets\pr_rpad_paper_aligned_v6\exp6\mixed\train\sequences\exp6_mixed_train_158.csv,291,1,1,0,0
exp6_mixed_train_146,D:\keyan\ai_research_workflow_base\13_paper_aligned_repro\datasets\pr_rpad_paper_aligned_v6\exp6\mixed\train\sequences\exp6_mixed_train_146.csv,107,5,3,0,0
exp6_mixed_train_013,D:\keyan\ai_research_workflow_base\13_paper_aligned_repro\datasets\pr_rpad_paper_aligned_v6\exp6\mixed\train\sequences\exp6_mixed_train_013.csv,81,4,2,0,0
exp6_mixed_train_000,D:\keyan\ai_research_workflow_base\13_paper_aligned_repro\datasets\pr_rpad_paper_aligned_v6\exp6\mixed\train\sequences\exp6_mixed_train_000.csv,30,1,1,0,0
exp6_mixed_train_155,D:\keyan\ai_research_workflow_base\13_paper_aligned_repro\datasets\pr_rpad_paper_aligned_v6\exp6\mixed\train\sequences\exp6_mixed_train_155.csv,246,1,1,0,0
exp6_mixed_train_031,D:\keyan\ai_research_workflow_base\13_paper_aligned_repro\datasets\pr_rpad_paper_aligned_v6\exp6\mixed\train\sequences\exp6_mixed_train_031.csv,314,0,0,0,1
exp6_mixed_train_039,D:\keyan\ai_research_workflow_base\13_paper_aligned_repro\datasets\pr_rpad_paper_aligned_v6\exp6\mixed\train\sequences\exp6_mixed_train_039.csv,51,5,3,0,0
exp6_mixed_train_042,D:\keyan\ai_research_workflow_base\13_paper_aligned_repro\datasets\pr_rpad_paper_aligned_v6\exp6\mixed\train\sequences\exp6_mixed_train_042.csv,333,0,0,0,1
exp6_mixed_train_142,D:\keyan\ai_research_workflow_base\13_paper_aligned_repro\datasets\pr_rpad_paper_aligned_v6\exp6\mixed\train\sequences\exp6_mixed_train_142.csv,164,5,3,0,0
exp6_mixed_train_119,D:\keyan\ai_research_workflow_base\13_paper_aligned_repro\datasets\pr_rpad_paper_aligned_v6\exp6\mixed\train\sequences\exp6_mixed_train_119.csv,395,0,0,0,1
exp6_mixed_train_001,D:\keyan\ai_research_workflow_base\13_paper_aligned_repro\datasets\pr_rpad_paper_aligned_v6\exp6\mixed\train\sequences\exp6_mixed_train_001.csv,254,4,2,0,0
exp6_mixed_train_157,D:\keyan\ai_research_workflow_base\13_paper_aligned_repro\datasets\pr_rpad_paper_aligned_v6\exp6\mixed\train\sequences\exp6_mixed_train_157.csv,110,1,1,0,0
exp6_mixed_train_039,D:\keyan\ai_research_workflow_base\13_paper_aligned_repro\datasets\pr_rpad_paper_aligned_v6\exp6\mixed\train\sequences\exp6_mixed_train_039.csv,321,7,4,0,0
exp6_mixed_train_026,D:\keyan\ai_research_workflow_base\13_paper_aligned_repro\datasets\pr_rpad_paper_aligned_v6\exp6\mixed\train\sequences\exp6_mixed_train_026.csv,118,5,3,0,0
exp6_mixed_train_064,D:\keyan\ai_research_workflow_base\13_paper_aligned_repro\datasets\pr_rpad_paper_aligned_v6\exp6\mixed\train\sequences\exp6_mixed_train_064.csv,375,0,0,0,1
exp6_mixed_train_083,D:\keyan\ai_research_workflow_base\13_paper_aligned_repro\datasets\pr_rpad_paper_aligned_v6\exp6\mixed\train\sequences\exp6_mixed_train_083.csv,290,0,0,0,1
exp6_mixed_train_153,D:\keyan\ai_research_workflow_base\13_paper_aligned_repro\datasets\pr_rpad_paper_aligned_v6\exp6\mixed\train\sequences\exp6_mixed_train_153.csv,310,0,0,0,1
exp6_mixed_train_085,D:\keyan\ai_research_workflow_base\13_paper_aligned_repro\datasets\pr_rpad_paper_aligned_v6\exp6\mixed\train\sequences\exp6_mixed_train_085.csv,157,5,3,0,0
exp6_mixed_train_147,D:\keyan\ai_research_workflow_base\13_paper_aligned_repro\datasets\pr_rpad_paper_aligned_v6\exp6\mixed\train\sequences\exp6_mixed_train_147.csv,284,1,1,0,0
exp6_mixed_train_134,D:\keyan\ai_research_workflow_base\13_paper_aligned_repro\datasets\pr_rpad_paper_aligned_v6\exp6\mixed\train\sequences\exp6_mixed_train_134.csv,180,1,1,0,0
exp6_mixed_train_018,D:\keyan\ai_research_workflow_base\13_paper_aligned_repro\datasets\pr_rpad_paper_aligned_v6\exp6\mixed\train\sequences\exp6_mixed_train_018.csv,65,5,3,0,0
exp6_mixed_train_119,D:\keyan\ai_research_workflow_base\13_paper_aligned_repro\datasets\pr_rpad_paper_aligned_v6\exp6\mixed\train\sequences\exp6_mixed_train_119.csv,6,4,2,0,0
exp6_mixed_train_063,D:\keyan\ai_research_workflow_base\13_paper_aligned_repro\datasets\pr_rpad_paper_aligned_v6\exp6\mixed\train\sequences\exp6_mixed_train_063.csv,62,5,3,0,0
exp6_mixed_train_100,D:\keyan\ai_research_workflow_base\13_paper_aligned_repro\datasets\pr_rpad_paper_aligned_v6\exp6\mixed\train\sequences\exp6_mixed_train_100.csv,324,0,0,0,1
exp6_mixed_train_011,D:\keyan\ai_research_workflow_base\13_paper_aligned_repro\datasets\pr_rpad_paper_aligned_v6\exp6\mixed\train\sequences\exp6_mixed_train_011.csv,354,0,0,0,1
exp6_mixed_train_155,D:\keyan\ai_research_workflow_base\13_paper_aligned_repro\datasets\pr_rpad_paper_aligned_v6\exp6\mixed\train\sequences\exp6_mixed_train_155.csv,122,5,3,0,0
exp6_mixed_train_051,D:\keyan\ai_research_workflow_base\13_paper_aligned_repro\datasets\pr_rpad_paper_aligned_v6\exp6\mixed\train\sequences\exp6_mixed_train_051.csv,356,0,0,0,1
exp6_mixed_train_089,D:\keyan\ai_research_workflow_base\13_paper_aligned_repro\datasets\pr_rpad_paper_aligned_v6\exp6\mixed\train\sequences\exp6_mixed_train_089.csv,117,5,3,0,0
exp6_mixed_train_085,D:\keyan\ai_research_workflow_base\13_paper_aligned_repro\datasets\pr_rpad_paper_aligned_v6\exp6\mixed\train\sequences\exp6_mixed_train_085.csv,200,4,2,0,0
exp6_mixed_train_084,D:\keyan\ai_research_workflow_base\13_paper_aligned_repro\datasets\pr_rpad_paper_aligned_v6\exp6\mixed\train\sequences\exp6_mixed_train_084.csv,373,7,4,0,0
exp6_mixed_train_012,D:\keyan\ai_research_workflow_base\13_paper_aligned_repro\datasets\pr_rpad_paper_aligned_v6\exp6\mixed\train\sequences\exp6_mixed_train_012.csv,328,0,0,0,1
exp6_mixed_train_091,D:\keyan\ai_research_workflow_base\13_paper_aligned_repro\datasets\pr_rpad_paper_aligned_v6\exp6\mixed\train\sequences\exp6_mixed_train_091.csv,238,1,1,0,0
exp6_mixed_train_037,D:\keyan\ai_research_workflow_base\13_paper_aligned_repro\datasets\pr_rpad_paper_aligned_v6\exp6\mixed\train\sequences\exp6_mixed_train_037.csv,43,7,4,0,0
exp6_mixed_train_158,D:\keyan\ai_research_workflow_base\13_paper_aligned_repro\datasets\pr_rpad_paper_aligned_v6\exp6\mixed\train\sequences\exp6_mixed_train_158.csv,380,7,4,0,0
exp6_mixed_train_011,D:\keyan\ai_research_workflow_base\13_paper_aligned_repro\datasets\pr_rpad_paper_aligned_v6\exp6\mixed\train\sequences\exp6_mixed_train_011.csv,270,1,1,0,0
exp6_mixed_train_114,D:\keyan\ai_research_workflow_base\13_paper_aligned_repro\datasets\pr_rpad_paper_aligned_v6\exp6\mixed\train\sequences\exp6_mixed_train_114.csv,76,5,3,0,0
exp6_mixed_train_088,D:\keyan\ai_research_workflow_base\13_paper_aligned_repro\datasets\pr_rpad_paper_aligned_v6\exp6\mixed\train\sequences\exp6_mixed_train_088.csv,308,0,0,0,1
exp6_mixed_train_131,D:\keyan\ai_research_workflow_base\13_paper_aligned_repro\datasets\pr_rpad_paper_aligned_v6\exp6\mixed\train\sequences\exp6_mixed_train_131.csv,266,1,1,0,0
exp6_mixed_train_130,D:\keyan\ai_research_workflow_base\13_paper_aligned_repro\datasets\pr_rpad_paper_aligned_v6\exp6\mixed\train\sequences\exp6_mixed_train_130.csv,341,7,4,0,0
exp6_mixed_train_063,D:\keyan\ai_research_workflow_base\13_paper_aligned_repro\datasets\pr_rpad_paper_aligned_v6\exp6\mixed\train\sequences\exp6_mixed_train_063.csv,323,0,0,0,1
exp6_mixed_train_132,D:\keyan\ai_research_workflow_base\13_paper_aligned_repro\datasets\pr_rpad_paper_aligned_v6\exp6\mixed\train\sequences\exp6_mixed_train_132.csv,321,0,0,0,1
exp6_mixed_train_030,D:\keyan\ai_research_workflow_base\13_paper_aligned_repro\datasets\pr_rpad_paper_aligned_v6\exp6\mixed\train\sequences\exp6_mixed_train_030.csv,47,5,3,0,0
exp6_mixed_train_049,D:\keyan\ai_research_workflow_base\13_paper_aligned_repro\datasets\pr_rpad_paper_aligned_v6\exp6\mixed\train\sequences\exp6_mixed_train_049.csv,65,5,3,0,0
exp6_mixed_train_071,D:\keyan\ai_research_workflow_base\13_paper_aligned_repro\datasets\pr_rpad_paper_aligned_v6\exp6\mixed\train\sequences\exp6_mixed_train_071.csv,151,1,1,0,0
exp6_mixed_train_056,D:\keyan\ai_research_workflow_base\13_paper_aligned_repro\datasets\pr_rpad_paper_aligned_v6\exp6\mixed\train\sequences\exp6_mixed_train_056.csv,87,1,1,0,0
exp6_mixed_train_087,D:\keyan\ai_research_workflow_base\13_paper_aligned_repro\datasets\pr_rpad_paper_aligned_v6\exp6\mixed\train\sequences\exp6_mixed_train_087.csv,323,7,4,0,0
exp6_mixed_train_043,D:\keyan\ai_research_workflow_base\13_paper_aligned_repro\datasets\pr_rpad_paper_aligned_v6\exp6\mixed\train\sequences\exp6_mixed_train_043.csv,276,7,4,0,0
exp6_mixed_train_066,D:\keyan\ai_research_workflow_base\13_paper_aligned_repro\datasets\pr_rpad_paper_aligned_v6\exp6\mixed\train\sequences\exp6_mixed_train_066.csv,370,7,4,0,0
exp6_mixed_train_076,D:\keyan\ai_research_workflow_base\13_paper_aligned_repro\datasets\pr_rpad_paper_aligned_v6\exp6\mixed\train\sequences\exp6_mixed_train_076.csv,14,1,1,0,0
exp6_mixed_train_137,D:\keyan\ai_research_workflow_base\13_paper_aligned_repro\datasets\pr_rpad_paper_aligned_v6\exp6\mixed\train\sequences\exp6_mixed_train_137.csv,244,1,1,0,0
exp6_mixed_train_125,D:\keyan\ai_research_workflow_base\13_paper_aligned_repro\datasets\pr_rpad_paper_aligned_v6\exp6\mixed\train\sequences\exp6_mixed_train_125.csv,329,0,0,0,1
exp6_mixed_train_108,D:\keyan\ai_research_workflow_base\13_paper_aligned_repro\datasets\pr_rpad_paper_aligned_v6\exp6\mixed\train\sequences\exp6_mixed_train_108.csv,367,0,0,0,1
exp6_mixed_train_039,D:\keyan\ai_research_workflow_base\13_paper_aligned_repro\datasets\pr_rpad_paper_aligned_v6\exp6\mixed\train\sequences\exp6_mixed_train_039.csv,284,7,4,0,0
exp6_mixed_train_062,D:\keyan\ai_research_workflow_base\13_paper_aligned_repro\datasets\pr_rpad_paper_aligned_v6\exp6\mixed\train\sequences\exp6_mixed_train_062.csv,16,5,3,0,0
exp6_mixed_train_002,D:\keyan\ai_research_workflow_base\13_paper_aligned_repro\datasets\pr_rpad_paper_aligned_v6\exp6\mixed\train\sequences\exp6_mixed_train_002.csv,164,5,3,0,0
exp6_mixed_train_015,D:\keyan\ai_research_workflow_base\13_paper_aligned_repro\datasets\pr_rpad_paper_aligned_v6\exp6\mixed\train\sequences\exp6_mixed_train_015.csv,53,4,2,0,0
exp6_mixed_train_040,D:\keyan\ai_research_workflow_base\13_paper_aligned_repro\datasets\pr_rpad_paper_aligned_v6\exp6\mixed\train\sequences\exp6_mixed_train_040.csv,285,1,1,0,0
exp6_mixed_train_099,D:\keyan\ai_research_workflow_base\13_paper_aligned_repro\datasets\pr_rpad_paper_aligned_v6\exp6\mixed\train\sequences\exp6_mixed_train_099.csv,344,0,0,0,1
exp6_mixed_train_031,D:\keyan\ai_research_workflow_base\13_paper_aligned_repro\datasets\pr_rpad_paper_aligned_v6\exp6\mixed\train\sequences\exp6_mixed_train_031.csv,341,7,4,0,0
exp6_mixed_train_128,D:\keyan\ai_research_workflow_base\13_paper_aligned_repro\datasets\pr_rpad_paper_aligned_v6\exp6\mixed\train\sequences\exp6_mixed_train_128.csv,85,4,2,0,0
exp6_mixed_train_024,D:\keyan\ai_research_workflow_base\13_paper_aligned_repro\datasets\pr_rpad_paper_aligned_v6\exp6\mixed\train\sequences\exp6_mixed_train_024.csv,111,5,3,0,0
exp6_mixed_train_127,D:\keyan\ai_research_workflow_base\13_paper_aligned_repro\datasets\pr_rpad_paper_aligned_v6\exp6\mixed\train\sequences\exp6_mixed_train_127.csv,225,4,2,0,0
exp6_mixed_train_026,D:\keyan\ai_research_workflow_base\13_paper_aligned_repro\datasets\pr_rpad_paper_aligned_v6\exp6\mixed\train\sequences\exp6_mixed_train_026.csv,101,1,1,0,0
exp6_mixed_train_031,D:\keyan\ai_research_workflow_base\13_paper_aligned_repro\datasets\pr_rpad_paper_aligned_v6\exp6\mixed\train\sequences\exp6_mixed_train_031.csv,81,4,2,0,0
exp6_mixed_train_092,D:\keyan\ai_research_workflow_base\13_paper_aligned_repro\datasets\pr_rpad_paper_aligned_v6\exp6\mixed\train\sequences\exp6_mixed_train_092.csv,317,7,4,0,0
exp6_mixed_train_116,D:\keyan\ai_research_workflow_base\13_paper_aligned_repro\datasets\pr_rpad_paper_aligned_v6\exp6\mixed\train\sequences\exp6_mixed_train_116.csv,49,4,2,0,0
exp6_mixed_train_065,D:\keyan\ai_research_workflow_base\13_paper_aligned_repro\datasets\pr_rpad_paper_aligned_v6\exp6\mixed\train\sequences\exp6_mixed_train_065.csv,390,7,4,0,0
exp6_mixed_train_053,D:\keyan\ai_research_workflow_base\13_paper_aligned_repro\datasets\pr_rpad_paper_aligned_v6\exp6\mixed\train\sequences\exp6_mixed_train_053.csv,53,1,1,0,0
exp6_mixed_train_041,D:\keyan\ai_research_workflow_base\13_paper_aligned_repro\datasets\pr_rpad_paper_aligned_v6\exp6\mixed\train\sequences\exp6_mixed_train_041.csv,146,1,1,0,0
exp6_mixed_train_086,D:\keyan\ai_research_workflow_base\13_paper_aligned_repro\datasets\pr_rpad_paper_aligned_v6\exp6\mixed\train\sequences\exp6_mixed_train_086.csv,165,1,1,0,0
exp6_mixed_train_021,D:\keyan\ai_research_workflow_base\13_paper_aligned_repro\datasets\pr_rpad_paper_aligned_v6\exp6\mixed\train\sequences\exp6_mixed_train_021.csv,369,0,0,0,1
exp6_mixed_train_087,D:\keyan\ai_research_workflow_base\13_paper_aligned_repro\datasets\pr_rpad_paper_aligned_v6\exp6\mixed\train\sequences\exp6_mixed_train_087.csv,179,5,3,0,0
exp6_mixed_train_134,D:\keyan\ai_research_workflow_base\13_paper_aligned_repro\datasets\pr_rpad_paper_aligned_v6\exp6\mixed\train\sequences\exp6_mixed_train_134.csv,81,5,3,0,0
exp6_mixed_train_077,D:\keyan\ai_research_workflow_base\13_paper_aligned_repro\datasets\pr_rpad_paper_aligned_v6\exp6\mixed\train\sequences\exp6_mixed_train_077.csv,14,1,1,0,0
exp6_mixed_train_030,D:\keyan\ai_research_workflow_base\13_paper_aligned_repro\datasets\pr_rpad_paper_aligned_v6\exp6\mixed\train\sequences\exp6_mixed_train_030.csv,377,7,4,0,0
exp6_mixed_train_146,D:\keyan\ai_research_workflow_base\13_paper_aligned_repro\datasets\pr_rpad_paper_aligned_v6\exp6\mixed\train\sequences\exp6_mixed_train_146.csv,231,4,2,0,0
exp6_mixed_train_138,D:\keyan\ai_research_workflow_base\13_paper_aligned_repro\datasets\pr_rpad_paper_aligned_v6\exp6\mixed\train\sequences\exp6_mixed_train_138.csv,339,0,0,0,1
exp6_mixed_train_032,D:\keyan\ai_research_workflow_base\13_paper_aligned_repro\datasets\pr_rpad_paper_aligned_v6\exp6\mixed\train\sequences\exp6_mixed_train_032.csv,283,0,0,0,1
exp6_mixed_train_089,D:\keyan\ai_research_workflow_base\13_paper_aligned_repro\datasets\pr_rpad_paper_aligned_v6\exp6\mixed\train\sequences\exp6_mixed_train_089.csv,237,1,1,0,0
exp6_mixed_train_001,D:\keyan\ai_research_workflow_base\13_paper_aligned_repro\datasets\pr_rpad_paper_aligned_v6\exp6\mixed\train\sequences\exp6_mixed_train_001.csv,123,1,1,0,0
exp6_mixed_train_009,D:\keyan\ai_research_workflow_base\13_paper_aligned_repro\datasets\pr_rpad_paper_aligned_v6\exp6\mixed\train\sequences\exp6_mixed_train_009.csv,341,0,0,0,1
exp6_mixed_train_099,D:\keyan\ai_research_workflow_base\13_paper_aligned_repro\datasets\pr_rpad_paper_aligned_v6\exp6\mixed\train\sequences\exp6_mixed_train_099.csv,34,5,3,0,0
exp6_mixed_train_138,D:\keyan\ai_research_workflow_base\13_paper_aligned_repro\datasets\pr_rpad_paper_aligned_v6\exp6\mixed\train\sequences\exp6_mixed_train_138.csv,335,7,4,0,0
exp6_mixed_train_045,D:\keyan\ai_research_workflow_base\13_paper_aligned_repro\datasets\pr_rpad_paper_aligned_v6\exp6\mixed\train\sequences\exp6_mixed_train_045.csv,116,5,3,0,0
exp6_mixed_train_024,D:\keyan\ai_research_workflow_base\13_paper_aligned_repro\datasets\pr_rpad_paper_aligned_v6\exp6\mixed\train\sequences\exp6_mixed_train_024.csv,278,4,2,0,0
exp6_mixed_train_119,D:\keyan\ai_research_workflow_base\13_paper_aligned_repro\datasets\pr_rpad_paper_aligned_v6\exp6\mixed\train\sequences\exp6_mixed_train_119.csv,320,0,0,0,1
exp6_mixed_train_042,D:\keyan\ai_research_workflow_base\13_paper_aligned_repro\datasets\pr_rpad_paper_aligned_v6\exp6\mixed\train\sequences\exp6_mixed_train_042.csv,85,4,2,0,0
exp6_mixed_train_034,D:\keyan\ai_research_workflow_base\13_paper_aligned_repro\datasets\pr_rpad_paper_aligned_v6\exp6\mixed\train\sequences\exp6_mixed_train_034.csv,258,1,1,0,0
exp6_mixed_train_060,D:\keyan\ai_research_workflow_base\13_paper_aligned_repro\datasets\pr_rpad_paper_aligned_v6\exp6\mixed\train\sequences\exp6_mixed_train_060.csv,389,7,4,0,0
exp6_mixed_train_084,D:\keyan\ai_research_workflow_base\13_paper_aligned_repro\datasets\pr_rpad_paper_aligned_v6\exp6\mixed\train\sequences\exp6_mixed_train_084.csv,291,0,0,0,1
exp6_mixed_train_066,D:\keyan\ai_research_workflow_base\13_paper_aligned_repro\datasets\pr_rpad_paper_aligned_v6\exp6\mixed\train\sequences\exp6_mixed_train_066.csv,291,1,1,0,0
exp6_mixed_train_126,D:\keyan\ai_research_workflow_base\13_paper_aligned_repro\datasets\pr_rpad_paper_aligned_v6\exp6\mixed\train\sequences\exp6_mixed_train_126.csv,118,1,1,0,0
exp6_mixed_train_152,D:\keyan\ai_research_workflow_base\13_paper_aligned_repro\datasets\pr_rpad_paper_aligned_v6\exp6\mixed\train\sequences\exp6_mixed_train_152.csv,304,7,4,0,0
exp6_mixed_train_111,D:\keyan\ai_research_workflow_base\13_paper_aligned_repro\datasets\pr_rpad_paper_aligned_v6\exp6\mixed\train\sequences\exp6_mixed_train_111.csv,78,4,2,0,0
exp6_mixed_train_075,D:\keyan\ai_research_workflow_base\13_paper_aligned_repro\datasets\pr_rpad_paper_aligned_v6\exp6\mixed\train\sequences\exp6_mixed_train_075.csv,365,0,0,0,1
exp6_mixed_train_112,D:\keyan\ai_research_workflow_base\13_paper_aligned_repro\datasets\pr_rpad_paper_aligned_v6\exp6\mixed\train\sequences\exp6_mixed_train_112.csv,154,5,3,0,0
exp6_mixed_train_089,D:\keyan\ai_research_workflow_base\13_paper_aligned_repro\datasets\pr_rpad_paper_aligned_v6\exp6\mixed\train\sequences\exp6_mixed_train_089.csv,197,1,1,0,0
exp6_mixed_train_158,D:\keyan\ai_research_workflow_base\13_paper_aligned_repro\datasets\pr_rpad_paper_aligned_v6\exp6\mixed\train\sequences\exp6_mixed_train_158.csv,398,7,4,0,0
exp6_mixed_train_031,D:\keyan\ai_research_workflow_base\13_paper_aligned_repro\datasets\pr_rpad_paper_aligned_v6\exp6\mixed\train\sequences\exp6_mixed_train_031.csv,375,0,0,0,1
exp6_mixed_train_013,D:\keyan\ai_research_workflow_base\13_paper_aligned_repro\datasets\pr_rpad_paper_aligned_v6\exp6\mixed\train\sequences\exp6_mixed_train_013.csv,234,4,2,0,0
exp6_mixed_train_077,D:\keyan\ai_research_workflow_base\13_paper_aligned_repro\datasets\pr_rpad_paper_aligned_v6\exp6\mixed\train\sequences\exp6_mixed_train_077.csv,389,0,0,0,1
exp6_mixed_train_096,D:\keyan\ai_research_workflow_base\13_paper_aligned_repro\datasets\pr_rpad_paper_aligned_v6\exp6\mixed\train\sequences\exp6_mixed_train_096.csv,92,5,3,0,0
exp6_mixed_train_118,D:\keyan\ai_research_workflow_base\13_paper_aligned_repro\datasets\pr_rpad_paper_aligned_v6\exp6\mixed\train\sequences\exp6_mixed_train_118.csv,96,5,3,0,0
exp6_mixed_train_019,D:\keyan\ai_research_workflow_base\13_paper_aligned_repro\datasets\pr_rpad_paper_aligned_v6\exp6\mixed\train\sequences\exp6_mixed_train_019.csv,297,7,4,0,0
exp6_mixed_train_081,D:\keyan\ai_research_workflow_base\13_paper_aligned_repro\datasets\pr_rpad_paper_aligned_v6\exp6\mixed\train\sequences\exp6_mixed_train_081.csv,225,1,1,0,0
exp6_mixed_train_001,D:\keyan\ai_research_workflow_base\13_paper_aligned_repro\datasets\pr_rpad_paper_aligned_v6\exp6\mixed\train\sequences\exp6_mixed_train_001.csv,17,4,2,0,0
exp6_mixed_train_041,D:\keyan\ai_research_workflow_base\13_paper_aligned_repro\datasets\pr_rpad_paper_aligned_v6\exp6\mixed\train\sequences\exp6_mixed_train_041.csv,75,4,2,0,0
exp6_mixed_train_048,D:\keyan\ai_research_workflow_base\13_paper_aligned_repro\datasets\pr_rpad_paper_aligned_v6\exp6\mixed\train\sequences\exp6_mixed_train_048.csv,344,0,0,0,1
exp6_mixed_train_034,D:\keyan\ai_research_workflow_base\13_paper_aligned_repro\datasets\pr_rpad_paper_aligned_v6\exp6\mixed\train\sequences\exp6_mixed_train_034.csv,320,0,0,0,1
exp6_mixed_train_040,D:\keyan\ai_research_workflow_base\13_paper_aligned_repro\datasets\pr_rpad_paper_aligned_v6\exp6\mixed\train\sequences\exp6_mixed_train_040.csv,313,0,0,0,1
exp6_mixed_train_002,D:\keyan\ai_research_workflow_base\13_paper_aligned_repro\datasets\pr_rpad_paper_aligned_v6\exp6\mixed\train\sequences\exp6_mixed_train_002.csv,256,4,2,0,0
exp6_mixed_train_021,D:\keyan\ai_research_workflow_base\13_paper_aligned_repro\datasets\pr_rpad_paper_aligned_v6\exp6\mixed\train\sequences\exp6_mixed_train_021.csv,302,0,0,0,1
exp6_mixed_train_044,D:\keyan\ai_research_workflow_base\13_paper_aligned_repro\datasets\pr_rpad_paper_aligned_v6\exp6\mixed\train\sequences\exp6_mixed_train_044.csv,147,5,3,0,0
exp6_mixed_train_054,D:\keyan\ai_research_workflow_base\13_paper_aligned_repro\datasets\pr_rpad_paper_aligned_v6\exp6\mixed\train\sequences\exp6_mixed_train_054.csv,234,1,1,0,0
exp6_mixed_train_142,D:\keyan\ai_research_workflow_base\13_paper_aligned_repro\datasets\pr_rpad_paper_aligned_v6\exp6\mixed\train\sequences\exp6_mixed_train_142.csv,162,5,3,0,0
exp6_mixed_train_066,D:\keyan\ai_research_workflow_base\13_paper_aligned_repro\datasets\pr_rpad_paper_aligned_v6\exp6\mixed\train\sequences\exp6_mixed_train_066.csv,205,4,2,0,0
exp6_mixed_train_064,D:\keyan\ai_research_workflow_base\13_paper_aligned_repro\datasets\pr_rpad_paper_aligned_v6\exp6\mixed\train\sequences\exp6_mixed_train_064.csv,128,5,3,0,0
exp6_mixed_train_107,D:\keyan\ai_research_workflow_base\13_paper_aligned_repro\datasets\pr_rpad_paper_aligned_v6\exp6\mixed\train\sequences\exp6_mixed_train_107.csv,266,1,1,0,0
exp6_mixed_train_027,D:\keyan\ai_research_workflow_base\13_paper_aligned_repro\datasets\pr_rpad_paper_aligned_v6\exp6\mixed\train\sequences\exp6_mixed_train_027.csv,210,4,2,0,0
exp6_mixed_train_058,D:\keyan\ai_research_workflow_base\13_paper_aligned_repro\datasets\pr_rpad_paper_aligned_v6\exp6\mixed\train\sequences\exp6_mixed_train_058.csv,156,1,1,0,0
exp6_mixed_train_125,D:\keyan\ai_research_workflow_base\13_paper_aligned_repro\datasets\pr_rpad_paper_aligned_v6\exp6\mixed\train\sequences\exp6_mixed_train_125.csv,254,4,2,0,0
exp6_mixed_train_061,D:\keyan\ai_research_workflow_base\13_paper_aligned_repro\datasets\pr_rpad_paper_aligned_v6\exp6\mixed\train\sequences\exp6_mixed_train_061.csv,363,0,0,0,1
exp6_mixed_train_114,D:\keyan\ai_research_workflow_base\13_paper_aligned_repro\datasets\pr_rpad_paper_aligned_v6\exp6\mixed\train\sequences\exp6_mixed_train_114.csv,210,4,2,0,0
exp6_mixed_train_076,D:\keyan\ai_research_workflow_base\13_paper_aligned_repro\datasets\pr_rpad_paper_aligned_v6\exp6\mixed\train\sequences\exp6_mixed_train_076.csv,249,1,1,0,0
exp6_mixed_train_099,D:\keyan\ai_research_workflow_base\13_paper_aligned_repro\datasets\pr_rpad_paper_aligned_v6\exp6\mixed\train\sequences\exp6_mixed_train_099.csv,0,5,3,0,0
exp6_mixed_train_059,D:\keyan\ai_research_workflow_base\13_paper_aligned_repro\datasets\pr_rpad_paper_aligned_v6\exp6\mixed\train\sequences\exp6_mixed_train_059.csv,326,0,0,0,1
exp6_mixed_train_095,D:\keyan\ai_research_workflow_base\13_paper_aligned_repro\datasets\pr_rpad_paper_aligned_v6\exp6\mixed\train\sequences\exp6_mixed_train_095.csv,302,7,4,0,0
exp6_mixed_train_153,D:\keyan\ai_research_workflow_base\13_paper_aligned_repro\datasets\pr_rpad_paper_aligned_v6\exp6\mixed\train\sequences\exp6_mixed_train_153.csv,218,1,1,0,0
exp6_mixed_train_106,D:\keyan\ai_research_workflow_base\13_paper_aligned_repro\datasets\pr_rpad_paper_aligned_v6\exp6\mixed\train\sequences\exp6_mixed_train_106.csv,256,4,2,0,0
exp6_mixed_train_013,D:\keyan\ai_research_workflow_base\13_paper_aligned_repro\datasets\pr_rpad_paper_aligned_v6\exp6\mixed\train\sequences\exp6_mixed_train_013.csv,147,4,2,0,0
exp6_mixed_train_154,D:\keyan\ai_research_workflow_base\13_paper_aligned_repro\datasets\pr_rpad_paper_aligned_v6\exp6\mixed\train\sequences\exp6_mixed_train_154.csv,367,0,0,0,1
exp6_mixed_train_068,D:\keyan\ai_research_workflow_base\13_paper_aligned_repro\datasets\pr_rpad_paper_aligned_v6\exp6\mixed\train\sequences\exp6_mixed_train_068.csv,263,1,1,0,0
exp6_mixed_train_027,D:\keyan\ai_research_workflow_base\13_paper_aligned_repro\datasets\pr_rpad_paper_aligned_v6\exp6\mixed\train\sequences\exp6_mixed_train_027.csv,9,5,3,0,0
exp6_mixed_train_086,D:\keyan\ai_research_workflow_base\13_paper_aligned_repro\datasets\pr_rpad_paper_aligned_v6\exp6\mixed\train\sequences\exp6_mixed_train_086.csv,201,0,0,0,1
exp6_mixed_train_017,D:\keyan\ai_research_workflow_base\13_paper_aligned_repro\datasets\pr_rpad_paper_aligned_v6\exp6\mixed\train\sequences\exp6_mixed_train_017.csv,168,5,3,0,0
exp6_mixed_train_143,D:\keyan\ai_research_workflow_base\13_paper_aligned_repro\datasets\pr_rpad_paper_aligned_v6\exp6\mixed\train\sequences\exp6_mixed_train_143.csv,64,5,3,0,0
exp6_mixed_train_146,D:\keyan\ai_research_workflow_base\13_paper_aligned_repro\datasets\pr_rpad_paper_aligned_v6\exp6\mixed\train\sequences\exp6_mixed_train_146.csv,263,4,2,0,0
exp6_mixed_train_108,D:\keyan\ai_research_workflow_base\13_paper_aligned_repro\datasets\pr_rpad_paper_aligned_v6\exp6\mixed\train\sequences\exp6_mixed_train_108.csv,280,1,1,0,0
exp6_mixed_train_041,D:\keyan\ai_research_workflow_base\13_paper_aligned_repro\datasets\pr_rpad_paper_aligned_v6\exp6\mixed\train\sequences\exp6_mixed_train_041.csv,125,4,2,0,0
exp6_mixed_train_036,D:\keyan\ai_research_workflow_base\13_paper_aligned_repro\datasets\pr_rpad_paper_aligned_v6\exp6\mixed\train\sequences\exp6_mixed_train_036.csv,59,5,3,0,0
exp6_mixed_train_013,D:\keyan\ai_research_workflow_base\13_paper_aligned_repro\datasets\pr_rpad_paper_aligned_v6\exp6\mixed\train\sequences\exp6_mixed_train_013.csv,374,7,4,0,0
exp6_mixed_train_150,D:\keyan\ai_research_workflow_base\13_paper_aligned_repro\datasets\pr_rpad_paper_aligned_v6\exp6\mixed\train\sequences\exp6_mixed_train_150.csv,119,4,2,0,0
exp6_mixed_train_145,D:\keyan\ai_research_workflow_base\13_paper_aligned_repro\datasets\pr_rpad_paper_aligned_v6\exp6\mixed\train\sequences\exp6_mixed_train_145.csv,317,7,4,0,0
exp6_mixed_train_146,D:\keyan\ai_research_workflow_base\13_paper_aligned_repro\datasets\pr_rpad_paper_aligned_v6\exp6\mixed\train\sequences\exp6_mixed_train_146.csv,75,5,3,0,0
exp6_mixed_train_101,D:\keyan\ai_research_workflow_base\13_paper_aligned_repro\datasets\pr_rpad_paper_aligned_v6\exp6\mixed\train\sequences\exp6_mixed_train_101.csv,347,0,0,0,1
exp6_mixed_train_018,D:\keyan\ai_research_workflow_base\13_paper_aligned_repro\datasets\pr_rpad_paper_aligned_v6\exp6\mixed\train\sequences\exp6_mixed_train_018.csv,17,5,3,0,0
exp6_mixed_train_134,D:\keyan\ai_research_workflow_base\13_paper_aligned_repro\datasets\pr_rpad_paper_aligned_v6\exp6\mixed\train\sequences\exp6_mixed_train_134.csv,337,0,0,0,1
exp6_mixed_train_152,D:\keyan\ai_research_workflow_base\13_paper_aligned_repro\datasets\pr_rpad_paper_aligned_v6\exp6\mixed\train\sequences\exp6_mixed_train_152.csv,28,4,2,0,0
exp6_mixed_train_071,D:\keyan\ai_research_workflow_base\13_paper_aligned_repro\datasets\pr_rpad_paper_aligned_v6\exp6\mixed\train\sequences\exp6_mixed_train_071.csv,14,5,3,0,0
exp6_mixed_train_037,D:\keyan\ai_research_workflow_base\13_paper_aligned_repro\datasets\pr_rpad_paper_aligned_v6\exp6\mixed\train\sequences\exp6_mixed_train_037.csv,130,5,3,0,0
exp6_mixed_train_081,D:\keyan\ai_research_workflow_base\13_paper_aligned_repro\datasets\pr_rpad_paper_aligned_v6\exp6\mixed\train\sequences\exp6_mixed_train_081.csv,14,4,2,0,0
exp6_mixed_train_150,D:\keyan\ai_research_workflow_base\13_paper_aligned_repro\datasets\pr_rpad_paper_aligned_v6\exp6\mixed\train\sequences\exp6_mixed_train_150.csv,83,4,2,0,0
exp6_mixed_train_083,D:\keyan\ai_research_workflow_base\13_paper_aligned_repro\datasets\pr_rpad_paper_aligned_v6\exp6\mixed\train\sequences\exp6_mixed_train_083.csv,177,1,1,0,0
exp6_mixed_train_108,D:\keyan\ai_research_workflow_base\13_paper_aligned_repro\datasets\pr_rpad_paper_aligned_v6\exp6\mixed\train\sequences\exp6_mixed_train_108.csv,299,7,4,0,0
exp6_mixed_train_084,D:\keyan\ai_research_workflow_base\13_paper_aligned_repro\datasets\pr_rpad_paper_aligned_v6\exp6\mixed\train\sequences\exp6_mixed_train_084.csv,286,0,0,0,1
exp6_mixed_train_123,D:\keyan\ai_research_workflow_base\13_paper_aligned_repro\datasets\pr_rpad_paper_aligned_v6\exp6\mixed\train\sequences\exp6_mixed_train_123.csv,70,1,1,0,0
exp6_mixed_train_106,D:\keyan\ai_research_workflow_base\13_paper_aligned_repro\datasets\pr_rpad_paper_aligned_v6\exp6\mixed\train\sequences\exp6_mixed_train_106.csv,179,5,3,0,0
exp6_mixed_train_104,D:\keyan\ai_research_workflow_base\13_paper_aligned_repro\datasets\pr_rpad_paper_aligned_v6\exp6\mixed\train\sequences\exp6_mixed_train_104.csv,16,1,1,0,0
exp6_mixed_train_050,D:\keyan\ai_research_workflow_base\13_paper_aligned_repro\datasets\pr_rpad_paper_aligned_v6\exp6\mixed\train\sequences\exp6_mixed_train_050.csv,176,0,0,0,1
exp6_mixed_train_050,D:\keyan\ai_research_workflow_base\13_paper_aligned_repro\datasets\pr_rpad_paper_aligned_v6\exp6\mixed\train\sequences\exp6_mixed_train_050.csv,136,1,1,0,0
exp6_mixed_train_149,D:\keyan\ai_research_workflow_base\13_paper_aligned_repro\datasets\pr_rpad_paper_aligned_v6\exp6\mixed\train\sequences\exp6_mixed_train_149.csv,199,4,2,0,0
exp6_mixed_train_073,D:\keyan\ai_research_workflow_base\13_paper_aligned_repro\datasets\pr_rpad_paper_aligned_v6\exp6\mixed\train\sequences\exp6_mixed_train_073.csv,340,7,4,0,0
exp6_mixed_train_014,D:\keyan\ai_research_workflow_base\13_paper_aligned_repro\datasets\pr_rpad_paper_aligned_v6\exp6\mixed\train\sequences\exp6_mixed_train_014.csv,31,5,3,0,0
exp6_mixed_train_112,D:\keyan\ai_research_workflow_base\13_paper_aligned_repro\datasets\pr_rpad_paper_aligned_v6\exp6\mixed\train\sequences\exp6_mixed_train_112.csv,374,0,0,0,1
exp6_mixed_train_015,D:\keyan\ai_research_workflow_base\13_paper_aligned_repro\datasets\pr_rpad_paper_aligned_v6\exp6\mixed\train\sequences\exp6_mixed_train_015.csv,314,0,0,0,1
exp6_mixed_train_108,D:\keyan\ai_research_workflow_base\13_paper_aligned_repro\datasets\pr_rpad_paper_aligned_v6\exp6\mixed\train\sequences\exp6_mixed_train_108.csv,193,5,3,0,0
exp6_mixed_train_055,D:\keyan\ai_research_workflow_base\13_paper_aligned_repro\datasets\pr_rpad_paper_aligned_v6\exp6\mixed\train\sequences\exp6_mixed_train_055.csv,268,1,1,0,0
exp6_mixed_train_054,D:\keyan\ai_research_workflow_base\13_paper_aligned_repro\datasets\pr_rpad_paper_aligned_v6\exp6\mixed\train\sequences\exp6_mixed_train_054.csv,329,7,4,0,0
exp6_mixed_train_083,D:\keyan\ai_research_workflow_base\13_paper_aligned_repro\datasets\pr_rpad_paper_aligned_v6\exp6\mixed\train\sequences\exp6_mixed_train_083.csv,275,0,0,0,1
exp6_mixed_train_037,D:\keyan\ai_research_workflow_base\13_paper_aligned_repro\datasets\pr_rpad_paper_aligned_v6\exp6\mixed\train\sequences\exp6_mixed_train_037.csv,309,7,4,0,0
exp6_mixed_train_010,D:\keyan\ai_research_workflow_base\13_paper_aligned_repro\datasets\pr_rpad_paper_aligned_v6\exp6\mixed\train\sequences\exp6_mixed_train_010.csv,229,4,2,0,0
exp6_mixed_train_002,D:\keyan\ai_research_workflow_base\13_paper_aligned_repro\datasets\pr_rpad_paper_aligned_v6\exp6\mixed\train\sequences\exp6_mixed_train_002.csv,24,4,2,0,0
exp6_mixed_train_024,D:\keyan\ai_research_workflow_base\13_paper_aligned_repro\datasets\pr_rpad_paper_aligned_v6\exp6\mixed\train\sequences\exp6_mixed_train_024.csv,99,5,3,0,0
exp6_mixed_train_089,D:\keyan\ai_research_workflow_base\13_paper_aligned_repro\datasets\pr_rpad_paper_aligned_v6\exp6\mixed\train\sequences\exp6_mixed_train_089.csv,104,4,2,0,0
exp6_mixed_train_108,D:\keyan\ai_research_workflow_base\13_paper_aligned_repro\datasets\pr_rpad_paper_aligned_v6\exp6\mixed\train\sequences\exp6_mixed_train_108.csv,49,1,1,0,0
exp6_mixed_train_152,D:\keyan\ai_research_workflow_base\13_paper_aligned_repro\datasets\pr_rpad_paper_aligned_v6\exp6\mixed\train\sequences\exp6_mixed_train_152.csv,159,4,2,0,0
exp6_mixed_train_144,D:\keyan\ai_research_workflow_base\13_paper_aligned_repro\datasets\pr_rpad_paper_aligned_v6\exp6\mixed\train\sequences\exp6_mixed_train_144.csv,379,7,4,0,0
exp6_mixed_train_095,D:\keyan\ai_research_workflow_base\13_paper_aligned_repro\datasets\pr_rpad_paper_aligned_v6\exp6\mixed\train\sequences\exp6_mixed_train_095.csv,300,0,0,0,1
exp6_mixed_train_040,D:\keyan\ai_research_workflow_base\13_paper_aligned_repro\datasets\pr_rpad_paper_aligned_v6\exp6\mixed\train\sequences\exp6_mixed_train_040.csv,130,1,1,0,0
exp6_mixed_train_035,D:\keyan\ai_research_workflow_base\13_paper_aligned_repro\datasets\pr_rpad_paper_aligned_v6\exp6\mixed\train\sequences\exp6_mixed_train_035.csv,169,0,0,0,1
exp6_mixed_train_029,D:\keyan\ai_research_workflow_base\13_paper_aligned_repro\datasets\pr_rpad_paper_aligned_v6\exp6\mixed\train\sequences\exp6_mixed_train_029.csv,370,0,0,0,1
exp6_mixed_train_041,D:\keyan\ai_research_workflow_base\13_paper_aligned_repro\datasets\pr_rpad_paper_aligned_v6\exp6\mixed\train\sequences\exp6_mixed_train_041.csv,199,5,3,0,0
exp6_mixed_train_125,D:\keyan\ai_research_workflow_base\13_paper_aligned_repro\datasets\pr_rpad_paper_aligned_v6\exp6\mixed\train\sequences\exp6_mixed_train_125.csv,338,7,4,0,0
exp6_mixed_train_030,D:\keyan\ai_research_workflow_base\13_paper_aligned_repro\datasets\pr_rpad_paper_aligned_v6\exp6\mixed\train\sequences\exp6_mixed_train_030.csv,353,7,4,0,0
exp6_mixed_train_061,D:\keyan\ai_research_workflow_base\13_paper_aligned_repro\datasets\pr_rpad_paper_aligned_v6\exp6\mixed\train\sequences\exp6_mixed_train_061.csv,13,4,2,0,0
exp6_mixed_train_141,D:\keyan\ai_research_workflow_base\13_paper_aligned_repro\datasets\pr_rpad_paper_aligned_v6\exp6\mixed\train\sequences\exp6_mixed_train_141.csv,268,1,1,0,0
exp6_mixed_train_026,D:\keyan\ai_research_workflow_base\13_paper_aligned_repro\datasets\pr_rpad_paper_aligned_v6\exp6\mixed\train\sequences\exp6_mixed_train_026.csv,98,1,1,0,0
exp6_mixed_train_132,D:\keyan\ai_research_workflow_base\13_paper_aligned_repro\datasets\pr_rpad_paper_aligned_v6\exp6\mixed\train\sequences\exp6_mixed_train_132.csv,360,7,4,0,0
exp6_mixed_train_148,D:\keyan\ai_research_workflow_base\13_paper_aligned_repro\datasets\pr_rpad_paper_aligned_v6\exp6\mixed\train\sequences\exp6_mixed_train_148.csv,168,4,2,0,0
exp6_mixed_train_102,D:\keyan\ai_research_workflow_base\13_paper_aligned_repro\datasets\pr_rpad_paper_aligned_v6\exp6\mixed\train\sequences\exp6_mixed_train_102.csv,5,5,3,0,0
exp6_mixed_train_083,D:\keyan\ai_research_workflow_base\13_paper_aligned_repro\datasets\pr_rpad_paper_aligned_v6\exp6\mixed\train\sequences\exp6_mixed_train_083.csv,130,5,3,0,0
exp6_mixed_train_027,D:\keyan\ai_research_workflow_base\13_paper_aligned_repro\datasets\pr_rpad_paper_aligned_v6\exp6\mixed\train\sequences\exp6_mixed_train_027.csv,206,4,2,0,0
exp6_mixed_train_023,D:\keyan\ai_research_workflow_base\13_paper_aligned_repro\datasets\pr_rpad_paper_aligned_v6\exp6\mixed\train\sequences\exp6_mixed_train_023.csv,202,1,1,0,0
exp6_mixed_train_069,D:\keyan\ai_research_workflow_base\13_paper_aligned_repro\datasets\pr_rpad_paper_aligned_v6\exp6\mixed\train\sequences\exp6_mixed_train_069.csv,6,4,2,0,0
exp6_mixed_train_157,D:\keyan\ai_research_workflow_base\13_paper_aligned_repro\datasets\pr_rpad_paper_aligned_v6\exp6\mixed\train\sequences\exp6_mixed_train_157.csv,184,1,1,0,0
exp6_mixed_train_028,D:\keyan\ai_research_workflow_base\13_paper_aligned_repro\datasets\pr_rpad_paper_aligned_v6\exp6\mixed\train\sequences\exp6_mixed_train_028.csv,309,0,0,0,1
exp6_mixed_train_098,D:\keyan\ai_research_workflow_base\13_paper_aligned_repro\datasets\pr_rpad_paper_aligned_v6\exp6\mixed\train\sequences\exp6_mixed_train_098.csv,195,4,2,0,0
exp6_mixed_train_002,D:\keyan\ai_research_workflow_base\13_paper_aligned_repro\datasets\pr_rpad_paper_aligned_v6\exp6\mixed\train\sequences\exp6_mixed_train_002.csv,350,7,4,0,0
exp6_mixed_train_094,D:\keyan\ai_research_workflow_base\13_paper_aligned_repro\datasets\pr_rpad_paper_aligned_v6\exp6\mixed\train\sequences\exp6_mixed_train_094.csv,123,5,3,0,0
exp6_mixed_train_010,D:\keyan\ai_research_workflow_base\13_paper_aligned_repro\datasets\pr_rpad_paper_aligned_v6\exp6\mixed\train\sequences\exp6_mixed_train_010.csv,312,0,0,0,1
exp6_mixed_train_152,D:\keyan\ai_research_workflow_base\13_paper_aligned_repro\datasets\pr_rpad_paper_aligned_v6\exp6\mixed\train\sequences\exp6_mixed_train_152.csv,252,4,2,0,0
exp6_mixed_train_068,D:\keyan\ai_research_workflow_base\13_paper_aligned_repro\datasets\pr_rpad_paper_aligned_v6\exp6\mixed\train\sequences\exp6_mixed_train_068.csv,216,4,2,0,0
exp6_mixed_train_005,D:\keyan\ai_research_workflow_base\13_paper_aligned_repro\datasets\pr_rpad_paper_aligned_v6\exp6\mixed\train\sequences\exp6_mixed_train_005.csv,313,7,4,0,0
exp6_mixed_train_029,D:\keyan\ai_research_workflow_base\13_paper_aligned_repro\datasets\pr_rpad_paper_aligned_v6\exp6\mixed\train\sequences\exp6_mixed_train_029.csv,318,7,4,0,0
exp6_mixed_train_092,D:\keyan\ai_research_workflow_base\13_paper_aligned_repro\datasets\pr_rpad_paper_aligned_v6\exp6\mixed\train\sequences\exp6_mixed_train_092.csv,62,4,2,0,0
exp6_mixed_train_041,D:\keyan\ai_research_workflow_base\13_paper_aligned_repro\datasets\pr_rpad_paper_aligned_v6\exp6\mixed\train\sequences\exp6_mixed_train_041.csv,328,7,4,0,0
exp6_mixed_train_002,D:\keyan\ai_research_workflow_base\13_paper_aligned_repro\datasets\pr_rpad_paper_aligned_v6\exp6\mixed\train\sequences\exp6_mixed_train_002.csv,317,7,4,0,0
exp6_mixed_train_032,D:\keyan\ai_research_workflow_base\13_paper_aligned_repro\datasets\pr_rpad_paper_aligned_v6\exp6\mixed\train\sequences\exp6_mixed_train_032.csv,350,0,0,0,1
exp6_mixed_train_069,D:\keyan\ai_research_workflow_base\13_paper_aligned_repro\datasets\pr_rpad_paper_aligned_v6\exp6\mixed\train\sequences\exp6_mixed_train_069.csv,285,0,0,0,1
exp6_mixed_train_092,D:\keyan\ai_research_workflow_base\13_paper_aligned_repro\datasets\pr_rpad_paper_aligned_v6\exp6\mixed\train\sequences\exp6_mixed_train_092.csv,178,1,1,0,0
exp6_mixed_train_114,D:\keyan\ai_research_workflow_base\13_paper_aligned_repro\datasets\pr_rpad_paper_aligned_v6\exp6\mixed\train\sequences\exp6_mixed_train_114.csv,358,7,4,0,0
exp6_mixed_train_154,D:\keyan\ai_research_workflow_base\13_paper_aligned_repro\datasets\pr_rpad_paper_aligned_v6\exp6\mixed\train\sequences\exp6_mixed_train_154.csv,165,5,3,0,0
exp6_mixed_train_053,D:\keyan\ai_research_workflow_base\13_paper_aligned_repro\datasets\pr_rpad_paper_aligned_v6\exp6\mixed\train\sequences\exp6_mixed_train_053.csv,166,5,3,0,0
exp6_mixed_train_024,D:\keyan\ai_research_workflow_base\13_paper_aligned_repro\datasets\pr_rpad_paper_aligned_v6\exp6\mixed\train\sequences\exp6_mixed_train_024.csv,379,7,4,0,0
exp6_mixed_train_126,D:\keyan\ai_research_workflow_base\13_paper_aligned_repro\datasets\pr_rpad_paper_aligned_v6\exp6\mixed\train\sequences\exp6_mixed_train_126.csv,128,1,1,0,0
exp6_mixed_train_156,D:\keyan\ai_research_workflow_base\13_paper_aligned_repro\datasets\pr_rpad_paper_aligned_v6\exp6\mixed\train\sequences\exp6_mixed_train_156.csv,291,1,1,0,0
exp6_mixed_train_005,D:\keyan\ai_research_workflow_base\13_paper_aligned_repro\datasets\pr_rpad_paper_aligned_v6\exp6\mixed\train\sequences\exp6_mixed_train_005.csv,252,1,1,0,0
exp6_mixed_train_047,D:\keyan\ai_research_workflow_base\13_paper_aligned_repro\datasets\pr_rpad_paper_aligned_v6\exp6\mixed\train\sequences\exp6_mixed_train_047.csv,370,7,4,0,0
exp6_mixed_train_009,D:\keyan\ai_research_workflow_base\13_paper_aligned_repro\datasets\pr_rpad_paper_aligned_v6\exp6\mixed\train\sequences\exp6_mixed_train_009.csv,95,4,2,0,0
exp6_mixed_train_041,D:\keyan\ai_research_workflow_base\13_paper_aligned_repro\datasets\pr_rpad_paper_aligned_v6\exp6\mixed\train\sequences\exp6_mixed_train_041.csv,132,4,2,0,0
exp6_mixed_train_037,D:\keyan\ai_research_workflow_base\13_paper_aligned_repro\datasets\pr_rpad_paper_aligned_v6\exp6\mixed\train\sequences\exp6_mixed_train_037.csv,292,1,1,0,0
exp6_mixed_train_151,D:\keyan\ai_research_workflow_base\13_paper_aligned_repro\datasets\pr_rpad_paper_aligned_v6\exp6\mixed\train\sequences\exp6_mixed_train_151.csv,260,1,1,0,0
exp6_mixed_train_051,D:\keyan\ai_research_workflow_base\13_paper_aligned_repro\datasets\pr_rpad_paper_aligned_v6\exp6\mixed\train\sequences\exp6_mixed_train_051.csv,230,4,2,0,0
exp6_mixed_train_119,D:\keyan\ai_research_workflow_base\13_paper_aligned_repro\datasets\pr_rpad_paper_aligned_v6\exp6\mixed\train\sequences\exp6_mixed_train_119.csv,350,0,0,0,1
exp6_mixed_train_157,D:\keyan\ai_research_workflow_base\13_paper_aligned_repro\datasets\pr_rpad_paper_aligned_v6\exp6\mixed\train\sequences\exp6_mixed_train_157.csv,326,0,0,0,1
exp6_mixed_train_058,D:\keyan\ai_research_workflow_base\13_paper_aligned_repro\datasets\pr_rpad_paper_aligned_v6\exp6\mixed\train\sequences\exp6_mixed_train_058.csv,157,5,3,0,0
exp6_mixed_train_056,D:\keyan\ai_research_workflow_base\13_paper_aligned_repro\datasets\pr_rpad_paper_aligned_v6\exp6\mixed\train\sequences\exp6_mixed_train_056.csv,305,7,4,0,0
exp6_mixed_train_011,D:\keyan\ai_research_workflow_base\13_paper_aligned_repro\datasets\pr_rpad_paper_aligned_v6\exp6\mixed\train\sequences\exp6_mixed_train_011.csv,357,7,4,0,0
exp6_mixed_train_054,D:\keyan\ai_research_workflow_base\13_paper_aligned_repro\datasets\pr_rpad_paper_aligned_v6\exp6\mixed\train\sequences\exp6_mixed_train_054.csv,77,7,4,0,0
exp6_mixed_train_098,D:\keyan\ai_research_workflow_base\13_paper_aligned_repro\datasets\pr_rpad_paper_aligned_v6\exp6\mixed\train\sequences\exp6_mixed_train_098.csv,173,5,3,0,0
exp6_mixed_train_097,D:\keyan\ai_research_workflow_base\13_paper_aligned_repro\datasets\pr_rpad_paper_aligned_v6\exp6\mixed\train\sequences\exp6_mixed_train_097.csv,398,7,4,0,0
exp6_mixed_train_064,D:\keyan\ai_research_workflow_base\13_paper_aligned_repro\datasets\pr_rpad_paper_aligned_v6\exp6\mixed\train\sequences\exp6_mixed_train_064.csv,316,7,4,0,0
exp6_mixed_train_098,D:\keyan\ai_research_workflow_base\13_paper_aligned_repro\datasets\pr_rpad_paper_aligned_v6\exp6\mixed\train\sequences\exp6_mixed_train_098.csv,110,4,2,0,0
exp6_mixed_train_080,D:\keyan\ai_research_workflow_base\13_paper_aligned_repro\datasets\pr_rpad_paper_aligned_v6\exp6\mixed\train\sequences\exp6_mixed_train_080.csv,164,1,1,0,0
exp6_mixed_train_143,D:\keyan\ai_research_workflow_base\13_paper_aligned_repro\datasets\pr_rpad_paper_aligned_v6\exp6\mixed\train\sequences\exp6_mixed_train_143.csv,270,1,1,0,0
exp6_mixed_train_078,D:\keyan\ai_research_workflow_base\13_paper_aligned_repro\datasets\pr_rpad_paper_aligned_v6\exp6\mixed\train\sequences\exp6_mixed_train_078.csv,358,0,0,0,1
exp6_mixed_train_038,D:\keyan\ai_research_workflow_base\13_paper_aligned_repro\datasets\pr_rpad_paper_aligned_v6\exp6\mixed\train\sequences\exp6_mixed_train_038.csv,343,0,0,0,1
exp6_mixed_train_068,D:\keyan\ai_research_workflow_base\13_paper_aligned_repro\datasets\pr_rpad_paper_aligned_v6\exp6\mixed\train\sequences\exp6_mixed_train_068.csv,270,1,1,0,0
exp6_mixed_train_155,D:\keyan\ai_research_workflow_base\13_paper_aligned_repro\datasets\pr_rpad_paper_aligned_v6\exp6\mixed\train\sequences\exp6_mixed_train_155.csv,253,4,2,0,0
exp6_mixed_train_019,D:\keyan\ai_research_workflow_base\13_paper_aligned_repro\datasets\pr_rpad_paper_aligned_v6\exp6\mixed\train\sequences\exp6_mixed_train_019.csv,186,1,1,0,0
exp6_mixed_train_060,D:\keyan\ai_research_workflow_base\13_paper_aligned_repro\datasets\pr_rpad_paper_aligned_v6\exp6\mixed\train\sequences\exp6_mixed_train_060.csv,206,4,2,0,0
exp6_mixed_train_082,D:\keyan\ai_research_workflow_base\13_paper_aligned_repro\datasets\pr_rpad_paper_aligned_v6\exp6\mixed\train\sequences\exp6_mixed_train_082.csv,218,4,2,0,0
exp6_mixed_train_045,D:\keyan\ai_research_workflow_base\13_paper_aligned_repro\datasets\pr_rpad_paper_aligned_v6\exp6\mixed\train\sequences\exp6_mixed_train_045.csv,39,5,3,0,0
exp6_mixed_train_081,D:\keyan\ai_research_workflow_base\13_paper_aligned_repro\datasets\pr_rpad_paper_aligned_v6\exp6\mixed\train\sequences\exp6_mixed_train_081.csv,44,4,2,0,0
exp6_mixed_train_003,D:\keyan\ai_research_workflow_base\13_paper_aligned_repro\datasets\pr_rpad_paper_aligned_v6\exp6\mixed\train\sequences\exp6_mixed_train_003.csv,211,1,1,0,0
exp6_mixed_train_065,D:\keyan\ai_research_workflow_base\13_paper_aligned_repro\datasets\pr_rpad_paper_aligned_v6\exp6\mixed\train\sequences\exp6_mixed_train_065.csv,43,5,3,0,0
exp6_mixed_train_065,D:\keyan\ai_research_workflow_base\13_paper_aligned_repro\datasets\pr_rpad_paper_aligned_v6\exp6\mixed\train\sequences\exp6_mixed_train_065.csv,274,1,1,0,0
exp6_mixed_train_039,D:\keyan\ai_research_workflow_base\13_paper_aligned_repro\datasets\pr_rpad_paper_aligned_v6\exp6\mixed\train\sequences\exp6_mixed_train_039.csv,349,0,0,0,1
exp6_mixed_train_074,D:\keyan\ai_research_workflow_base\13_paper_aligned_repro\datasets\pr_rpad_paper_aligned_v6\exp6\mixed\train\sequences\exp6_mixed_train_074.csv,383,7,4,0,0
exp6_mixed_train_003,D:\keyan\ai_research_workflow_base\13_paper_aligned_repro\datasets\pr_rpad_paper_aligned_v6\exp6\mixed\train\sequences\exp6_mixed_train_003.csv,336,7,4,0,0
exp6_mixed_train_129,D:\keyan\ai_research_workflow_base\13_paper_aligned_repro\datasets\pr_rpad_paper_aligned_v6\exp6\mixed\train\sequences\exp6_mixed_train_129.csv,44,1,1,0,0
exp6_mixed_train_131,D:\keyan\ai_research_workflow_base\13_paper_aligned_repro\datasets\pr_rpad_paper_aligned_v6\exp6\mixed\train\sequences\exp6_mixed_train_131.csv,35,1,1,0,0
exp6_mixed_train_124,D:\keyan\ai_research_workflow_base\13_paper_aligned_repro\datasets\pr_rpad_paper_aligned_v6\exp6\mixed\train\sequences\exp6_mixed_train_124.csv,101,5,3,0,0
exp6_mixed_train_066,D:\keyan\ai_research_workflow_base\13_paper_aligned_repro\datasets\pr_rpad_paper_aligned_v6\exp6\mixed\train\sequences\exp6_mixed_train_066.csv,375,7,4,0,0
exp6_mixed_train_099,D:\keyan\ai_research_workflow_base\13_paper_aligned_repro\datasets\pr_rpad_paper_aligned_v6\exp6\mixed\train\sequences\exp6_mixed_train_099.csv,137,5,3,0,0
exp6_mixed_train_042,D:\keyan\ai_research_workflow_base\13_paper_aligned_repro\datasets\pr_rpad_paper_aligned_v6\exp6\mixed\train\sequences\exp6_mixed_train_042.csv,387,7,4,0,0
exp6_mixed_train_113,D:\keyan\ai_research_workflow_base\13_paper_aligned_repro\datasets\pr_rpad_paper_aligned_v6\exp6\mixed\train\sequences\exp6_mixed_train_113.csv,14,4,2,0,0
exp6_mixed_train_008,D:\keyan\ai_research_workflow_base\13_paper_aligned_repro\datasets\pr_rpad_paper_aligned_v6\exp6\mixed\train\sequences\exp6_mixed_train_008.csv,351,0,0,0,1
exp6_mixed_train_138,D:\keyan\ai_research_workflow_base\13_paper_aligned_repro\datasets\pr_rpad_paper_aligned_v6\exp6\mixed\train\sequences\exp6_mixed_train_138.csv,373,0,0,0,1
exp6_mixed_train_058,D:\keyan\ai_research_workflow_base\13_paper_aligned_repro\datasets\pr_rpad_paper_aligned_v6\exp6\mixed\train\sequences\exp6_mixed_train_058.csv,130,4,2,0,0
exp6_mixed_train_026,D:\keyan\ai_research_workflow_base\13_paper_aligned_repro\datasets\pr_rpad_paper_aligned_v6\exp6\mixed\train\sequences\exp6_mixed_train_026.csv,258,1,1,0,0
exp6_mixed_train_128,D:\keyan\ai_research_workflow_base\13_paper_aligned_repro\datasets\pr_rpad_paper_aligned_v6\exp6\mixed\train\sequences\exp6_mixed_train_128.csv,245,1,1,0,0
exp6_mixed_train_014,D:\keyan\ai_research_workflow_base\13_paper_aligned_repro\datasets\pr_rpad_paper_aligned_v6\exp6\mixed\train\sequences\exp6_mixed_train_014.csv,331,0,0,0,1
exp6_mixed_train_076,D:\keyan\ai_research_workflow_base\13_paper_aligned_repro\datasets\pr_rpad_paper_aligned_v6\exp6\mixed\train\sequences\exp6_mixed_train_076.csv,273,1,1,0,0
exp6_mixed_train_031,D:\keyan\ai_research_workflow_base\13_paper_aligned_repro\datasets\pr_rpad_paper_aligned_v6\exp6\mixed\train\sequences\exp6_mixed_train_031.csv,46,5,3,0,0
exp6_mixed_train_042,D:\keyan\ai_research_workflow_base\13_paper_aligned_repro\datasets\pr_rpad_paper_aligned_v6\exp6\mixed\train\sequences\exp6_mixed_train_042.csv,361,7,4,0,0
exp6_mixed_train_022,D:\keyan\ai_research_workflow_base\13_paper_aligned_repro\datasets\pr_rpad_paper_aligned_v6\exp6\mixed\train\sequences\exp6_mixed_train_022.csv,314,0,0,0,1
exp6_mixed_train_050,D:\keyan\ai_research_workflow_base\13_paper_aligned_repro\datasets\pr_rpad_paper_aligned_v6\exp6\mixed\train\sequences\exp6_mixed_train_050.csv,337,0,0,0,1
exp6_mixed_train_031,D:\keyan\ai_research_workflow_base\13_paper_aligned_repro\datasets\pr_rpad_paper_aligned_v6\exp6\mixed\train\sequences\exp6_mixed_train_031.csv,177,4,2,0,0
exp6_mixed_train_104,D:\keyan\ai_research_workflow_base\13_paper_aligned_repro\datasets\pr_rpad_paper_aligned_v6\exp6\mixed\train\sequences\exp6_mixed_train_104.csv,78,5,3,0,0
exp6_mixed_train_124,D:\keyan\ai_research_workflow_base\13_paper_aligned_repro\datasets\pr_rpad_paper_aligned_v6\exp6\mixed\train\sequences\exp6_mixed_train_124.csv,167,5,3,0,0
exp6_mixed_train_090,D:\keyan\ai_research_workflow_base\13_paper_aligned_repro\datasets\pr_rpad_paper_aligned_v6\exp6\mixed\train\sequences\exp6_mixed_train_090.csv,180,5,3,0,0
exp6_mixed_train_077,D:\keyan\ai_research_workflow_base\13_paper_aligned_repro\datasets\pr_rpad_paper_aligned_v6\exp6\mixed\train\sequences\exp6_mixed_train_077.csv,238,4,2,0,0
exp6_mixed_train_119,D:\keyan\ai_research_workflow_base\13_paper_aligned_repro\datasets\pr_rpad_paper_aligned_v6\exp6\mixed\train\sequences\exp6_mixed_train_119.csv,260,0,0,0,1
exp6_mixed_train_050,D:\keyan\ai_research_workflow_base\13_paper_aligned_repro\datasets\pr_rpad_paper_aligned_v6\exp6\mixed\train\sequences\exp6_mixed_train_050.csv,266,7,4,0,0
exp6_mixed_train_108,D:\keyan\ai_research_workflow_base\13_paper_aligned_repro\datasets\pr_rpad_paper_aligned_v6\exp6\mixed\train\sequences\exp6_mixed_train_108.csv,336,0,0,0,1
exp6_mixed_train_152,D:\keyan\ai_research_workflow_base\13_paper_aligned_repro\datasets\pr_rpad_paper_aligned_v6\exp6\mixed\train\sequences\exp6_mixed_train_152.csv,165,4,2,0,0
exp6_mixed_train_028,D:\keyan\ai_research_workflow_base\13_paper_aligned_repro\datasets\pr_rpad_paper_aligned_v6\exp6\mixed\train\sequences\exp6_mixed_train_028.csv,11,5,3,0,0
exp6_mixed_train_149,D:\keyan\ai_research_workflow_base\13_paper_aligned_repro\datasets\pr_rpad_paper_aligned_v6\exp6\mixed\train\sequences\exp6_mixed_train_149.csv,147,4,2,0,0
exp6_mixed_train_087,D:\keyan\ai_research_workflow_base\13_paper_aligned_repro\datasets\pr_rpad_paper_aligned_v6\exp6\mixed\train\sequences\exp6_mixed_train_087.csv,338,7,4,0,0
exp6_mixed_train_046,D:\keyan\ai_research_workflow_base\13_paper_aligned_repro\datasets\pr_rpad_paper_aligned_v6\exp6\mixed\train\sequences\exp6_mixed_train_046.csv,358,7,4,0,0
exp6_mixed_train_012,D:\keyan\ai_research_workflow_base\13_paper_aligned_repro\datasets\pr_rpad_paper_aligned_v6\exp6\mixed\train\sequences\exp6_mixed_train_012.csv,268,4,2,0,0
exp6_mixed_train_032,D:\keyan\ai_research_workflow_base\13_paper_aligned_repro\datasets\pr_rpad_paper_aligned_v6\exp6\mixed\train\sequences\exp6_mixed_train_032.csv,338,0,0,0,1
exp6_mixed_train_056,D:\keyan\ai_research_workflow_base\13_paper_aligned_repro\datasets\pr_rpad_paper_aligned_v6\exp6\mixed\train\sequences\exp6_mixed_train_056.csv,261,4,2,0,0
exp6_mixed_train_038,D:\keyan\ai_research_workflow_base\13_paper_aligned_repro\datasets\pr_rpad_paper_aligned_v6\exp6\mixed\train\sequences\exp6_mixed_train_038.csv,113,1,1,0,0
exp6_mixed_train_025,D:\keyan\ai_research_workflow_base\13_paper_aligned_repro\datasets\pr_rpad_paper_aligned_v6\exp6\mixed\train\sequences\exp6_mixed_train_025.csv,220,1,1,0,0
exp6_mixed_train_018,D:\keyan\ai_research_workflow_base\13_paper_aligned_repro\datasets\pr_rpad_paper_aligned_v6\exp6\mixed\train\sequences\exp6_mixed_train_018.csv,244,4,2,0,0
exp6_mixed_train_146,D:\keyan\ai_research_workflow_base\13_paper_aligned_repro\datasets\pr_rpad_paper_aligned_v6\exp6\mixed\train\sequences\exp6_mixed_train_146.csv,99,5,3,0,0
exp6_mixed_train_000,D:\keyan\ai_research_workflow_base\13_paper_aligned_repro\datasets\pr_rpad_paper_aligned_v6\exp6\mixed\train\sequences\exp6_mixed_train_000.csv,150,1,1,0,0
exp6_mixed_train_056,D:\keyan\ai_research_workflow_base\13_paper_aligned_repro\datasets\pr_rpad_paper_aligned_v6\exp6\mixed\train\sequences\exp6_mixed_train_056.csv,386,0,0,0,1
exp6_mixed_train_146,D:\keyan\ai_research_workflow_base\13_paper_aligned_repro\datasets\pr_rpad_paper_aligned_v6\exp6\mixed\train\sequences\exp6_mixed_train_146.csv,147,5,3,0,0
exp6_mixed_train_044,D:\keyan\ai_research_workflow_base\13_paper_aligned_repro\datasets\pr_rpad_paper_aligned_v6\exp6\mixed\train\sequences\exp6_mixed_train_044.csv,168,1,1,0,0
exp6_mixed_train_089,D:\keyan\ai_research_workflow_base\13_paper_aligned_repro\datasets\pr_rpad_paper_aligned_v6\exp6\mixed\train\sequences\exp6_mixed_train_089.csv,258,1,1,0,0
exp6_mixed_train_124,D:\keyan\ai_research_workflow_base\13_paper_aligned_repro\datasets\pr_rpad_paper_aligned_v6\exp6\mixed\train\sequences\exp6_mixed_train_124.csv,161,1,1,0,0
exp6_mixed_train_028,D:\keyan\ai_research_workflow_base\13_paper_aligned_repro\datasets\pr_rpad_paper_aligned_v6\exp6\mixed\train\sequences\exp6_mixed_train_028.csv,104,4,2,0,0
exp6_mixed_train_089,D:\keyan\ai_research_workflow_base\13_paper_aligned_repro\datasets\pr_rpad_paper_aligned_v6\exp6\mixed\train\sequences\exp6_mixed_train_089.csv,106,5,3,0,0
exp6_mixed_train_155,D:\keyan\ai_research_workflow_base\13_paper_aligned_repro\datasets\pr_rpad_paper_aligned_v6\exp6\mixed\train\sequences\exp6_mixed_train_155.csv,15,4,2,0,0
exp6_mixed_train_073,D:\keyan\ai_research_workflow_base\13_paper_aligned_repro\datasets\pr_rpad_paper_aligned_v6\exp6\mixed\train\sequences\exp6_mixed_train_073.csv,305,7,4,0,0
exp6_mixed_train_073,D:\keyan\ai_research_workflow_base\13_paper_aligned_repro\datasets\pr_rpad_paper_aligned_v6\exp6\mixed\train\sequences\exp6_mixed_train_073.csv,346,7,4,0,0
exp6_mixed_train_052,D:\keyan\ai_research_workflow_base\13_paper_aligned_repro\datasets\pr_rpad_paper_aligned_v6\exp6\mixed\train\sequences\exp6_mixed_train_052.csv,215,1,1,0,0
exp6_mixed_train_149,D:\keyan\ai_research_workflow_base\13_paper_aligned_repro\datasets\pr_rpad_paper_aligned_v6\exp6\mixed\train\sequences\exp6_mixed_train_149.csv,225,4,2,0,0
exp6_mixed_train_158,D:\keyan\ai_research_workflow_base\13_paper_aligned_repro\datasets\pr_rpad_paper_aligned_v6\exp6\mixed\train\sequences\exp6_mixed_train_158.csv,395,7,4,0,0
exp6_mixed_train_123,D:\keyan\ai_research_workflow_base\13_paper_aligned_repro\datasets\pr_rpad_paper_aligned_v6\exp6\mixed\train\sequences\exp6_mixed_train_123.csv,367,7,4,0,0
exp6_mixed_train_014,D:\keyan\ai_research_workflow_base\13_paper_aligned_repro\datasets\pr_rpad_paper_aligned_v6\exp6\mixed\train\sequences\exp6_mixed_train_014.csv,332,0,0,0,1
exp6_mixed_train_137,D:\keyan\ai_research_workflow_base\13_paper_aligned_repro\datasets\pr_rpad_paper_aligned_v6\exp6\mixed\train\sequences\exp6_mixed_train_137.csv,171,5,3,0,0
exp6_mixed_train_064,D:\keyan\ai_research_workflow_base\13_paper_aligned_repro\datasets\pr_rpad_paper_aligned_v6\exp6\mixed\train\sequences\exp6_mixed_train_064.csv,194,4,2,0,0
exp6_mixed_train_053,D:\keyan\ai_research_workflow_base\13_paper_aligned_repro\datasets\pr_rpad_paper_aligned_v6\exp6\mixed\train\sequences\exp6_mixed_train_053.csv,37,4,2,0,0
exp6_mixed_train_054,D:\keyan\ai_research_workflow_base\13_paper_aligned_repro\datasets\pr_rpad_paper_aligned_v6\exp6\mixed\train\sequences\exp6_mixed_train_054.csv,279,1,1,0,0
exp6_mixed_train_012,D:\keyan\ai_research_workflow_base\13_paper_aligned_repro\datasets\pr_rpad_paper_aligned_v6\exp6\mixed\train\sequences\exp6_mixed_train_012.csv,272,1,1,0,0
exp6_mixed_train_127,D:\keyan\ai_research_workflow_base\13_paper_aligned_repro\datasets\pr_rpad_paper_aligned_v6\exp6\mixed\train\sequences\exp6_mixed_train_127.csv,242,4,2,0,0
exp6_mixed_train_105,D:\keyan\ai_research_workflow_base\13_paper_aligned_repro\datasets\pr_rpad_paper_aligned_v6\exp6\mixed\train\sequences\exp6_mixed_train_105.csv,387,0,0,0,1
exp6_mixed_train_150,D:\keyan\ai_research_workflow_base\13_paper_aligned_repro\datasets\pr_rpad_paper_aligned_v6\exp6\mixed\train\sequences\exp6_mixed_train_150.csv,156,5,3,0,0
exp6_mixed_train_083,D:\keyan\ai_research_workflow_base\13_paper_aligned_repro\datasets\pr_rpad_paper_aligned_v6\exp6\mixed\train\sequences\exp6_mixed_train_083.csv,205,1,1,0,0
exp6_mixed_train_075,D:\keyan\ai_research_workflow_base\13_paper_aligned_repro\datasets\pr_rpad_paper_aligned_v6\exp6\mixed\train\sequences\exp6_mixed_train_075.csv,77,4,2,0,0
exp6_mixed_train_110,D:\keyan\ai_research_workflow_base\13_paper_aligned_repro\datasets\pr_rpad_paper_aligned_v6\exp6\mixed\train\sequences\exp6_mixed_train_110.csv,52,5,3,0,0
exp6_mixed_train_024,D:\keyan\ai_research_workflow_base\13_paper_aligned_repro\datasets\pr_rpad_paper_aligned_v6\exp6\mixed\train\sequences\exp6_mixed_train_024.csv,144,1,1,0,0
exp6_mixed_train_130,D:\keyan\ai_research_workflow_base\13_paper_aligned_repro\datasets\pr_rpad_paper_aligned_v6\exp6\mixed\train\sequences\exp6_mixed_train_130.csv,328,7,4,0,0
exp6_mixed_train_100,D:\keyan\ai_research_workflow_base\13_paper_aligned_repro\datasets\pr_rpad_paper_aligned_v6\exp6\mixed\train\sequences\exp6_mixed_train_100.csv,205,1,1,0,0
exp6_mixed_train_022,D:\keyan\ai_research_workflow_base\13_paper_aligned_repro\datasets\pr_rpad_paper_aligned_v6\exp6\mixed\train\sequences\exp6_mixed_train_022.csv,326,7,4,0,0
exp6_mixed_train_022,D:\keyan\ai_research_workflow_base\13_paper_aligned_repro\datasets\pr_rpad_paper_aligned_v6\exp6\mixed\train\sequences\exp6_mixed_train_022.csv,290,7,4,0,0
exp6_mixed_train_084,D:\keyan\ai_research_workflow_base\13_paper_aligned_repro\datasets\pr_rpad_paper_aligned_v6\exp6\mixed\train\sequences\exp6_mixed_train_084.csv,357,0,0,0,1
exp6_mixed_train_078,D:\keyan\ai_research_workflow_base\13_paper_aligned_repro\datasets\pr_rpad_paper_aligned_v6\exp6\mixed\train\sequences\exp6_mixed_train_078.csv,154,5,3,0,0
